"RIS Name","Description","Database","Report","FRB Number","Call Names"
"ACEPT2","BANKS LIABILITY ON ACCEPT-CAVG2","CDI","RC-BAL","",""
"ACEPT5","BANKS LIABILITY ON ACCEPT-CAVG5","CDI","RC-BAL","",""
"ASDRTOT","SOLD W/RECOURSE N/SECUR-TOTAL","CDI","RC-S","",""
"ASSET2","TOTAL ASSETS-CAVG2","CDI","RC-BAL","",""
"ASSET5","TOTAL ASSETS-CAVG5","CDI","RC-BAL","",""
"ASSETCP","TOTAL ASSETS-CP","CDI","RC-BAL","",""
"ASSETD2","TOTAL ASSETS-DOM-CAVG2","CDI","RC-BAL","",""
"ASSETD5","TOTAL ASSETS-DOM-CAVG5","CDI","RC-BAL","",""
"ASSETF2","TOTAL ASSETS-FOR-CAVG2","CDI","RC-BAL","",""
"ASSETF5","TOTAL ASSETS-FOR-CAVG5","CDI","RC-BAL","",""
"ASSETFW","TOTAL ASSETS-FOR-W","CDI","RC-BAL","",""
"ASSETPP","TOTAL ASSETS-PP","CDI","RC-BAL","",""
"ASSETQT","AVERAGE ASSETS-TANGIBLE-PCA","CDI","RC-R","",""
"ASSTLT","LONG-TERM ASSETS (5+ YEARS)-QBP","CDI","RC-BAL","",""
"AVASSET4","AVG TOTAL ASSETS-CAVG4","CDI","RC-K","",""
"AVASSETJ","AVERAGE ASSETS-ADJUSTED-PCA","CDI","RC-R","",""
"AVASSETP","AVERAGE ASSETS-ADJUSTED-RBP","CDI","RC-R","",""
"AVCHBLI4","AVG.INT.-BEARING BK BAL-CAVG4","CDI","RC-K","",""
"AVDIFOR4","AVG INT-BEARING DEP-FOR-CAVG4","CDI","RC-K","",""
"AVDITRN4","AVG INT BEARING TRAN ACCT-CAVG4","CDI","RC-K","",""
"AVDMMDA4","AVG NONTRANS ACCT-MMDA-CAVG4","CDI","RC-K","",""
"AVDNT104","AVG NONTR CD GT $250,000-CAVG4","CDI","RC-K","",""
"AVDNTOT4","AVG NONTR CD LE $250,000-CAVG4","CDI","RC-K","",""
"AVDOTHS4","AVG NONTRANS ACCT-OTH SAV-CAVG4","CDI","RC-K","",""
"AVFREP4","AVG FED FUND & REPOS PURCH-CAVG4","CDI","RC-K","",""
"AVFREPO4","AVG FED FUNDS & REPOS SOLD-CAVG4","CDI","RC-K","",""
"AVLN4","AVG LOANS-CAVG4","CDI","RC-K","",""
"AVLNAG4","AVG AGRICULTURAL LOANS-CAVG4","CDI","RC-K","",""
"AVLNAGS4","AVG AG LOANS*SMALL BKS-CAVG4","CDI","RC-K","",""
"AVLNCI4","AVG C&I LOANS-CAVG4","CDI","RC-K","",""
"AVLNCO4","AVG -OTHER LNS TO INDI-CAVG4","CDI","RC-K","",""
"AVLNCON4","AVG CONSUMER LOANS-CAVG4","CDI","RC-K","",""
"AVLNCRC4","AVG CREDIT CARD LOANS-CAVG4","CDI","RC-K","",""
"AVLNDOM4","AVG LOANS-DOME-CAVG4","CDI","RC-K","",""
"AVLNFOR4","AVG LOANS-FOR-CAVG4","CDI","RC-K","",""
"AVLNIL4","AVG INSTALLMENT LOANS-CAVG4","CDI","RC-K","",""
"AVLNLS4","AVG LOANS AND LEASES-CAVG4","CDI","RC-K","",""
"AVLNMUN4","AVG MUNI LOANS-CAVG4","CDI","RC-K","",""
"AVLNRE4","AVG REAL ESTATE LOANS-CAVG4","CDI","RC-K","",""
"AVLS4","AVG LEASES-CAVG4","CDI","RC-K","",""
"AVOTHBO4","AVG OTHER BORROWED MONEY-CAVG4","CDI","RC-K","",""
"AVSAVDP4","AVG SAVINGS DEPOSITS -CAVG4","CDI","RC-K","",""
"AVSCDEB4","AVG OTHER DEBT SECURITIES-CAVG4","CDI","RC-K","",""
"AVSCEQ4","AVG EQUITY SECURITIES-CAVG4","CDI","RC-K","",""
"AVSCMTG4","AVG MORTGAGE BACK SEC-CAVG4","CDI","RC-K","",""
"AVSCOTH4","AVG-ALL OTHER SEC-CAVG4","CDI","RC-K","",""
"AVSCUS4","AVG US TREASURY & AGENCY-CAVG4","CDI","RC-K","",""
"AVSCUST4","AVG US TREAS (EX:MBS)-CAVG4","CDI","RC-K","",""
"AVTRADE4","AVG TRADING ACCOUNTS-CAVG4","CDI","RC-K","",""
"BKOPEN","ASSET AVAILABILITY TEST","CDI","RC-BAL","",""
"BKPREM2","PREMISES AND FIXED ASSETS-CAVG2","CDI","RC-BAL","",""
"BKPREM5","PREMISES AND FIXED ASSETS-CAVG5","CDI","RC-BAL","",""
"CHBAL2","CASH & DUE FROM DEPOS INST-CAVG2","CDI","RC-BAL","",""
"CHBAL5","CASH & DUE FROM DEPOS INST-CAVG5","CDI","RC-BAL","",""
"CHBALI2","INT-BEARING CASH & DUE-CAVG2","CDI","RC-BAL","",""
"CHBALI5","INT-BEARING CASH & DUE-CAVG5","CDI","RC-BAL","",""
"CHBALNI2","NONINT-BEARING CASH & DUE-CAVG2","CDI","RC-BAL","",""
"CHBALNI5","NONINT-BEARING CASH & DUE-CAVG5","CDI","RC-BAL","",""
"CHFL","NET OPERATING CASH FLOW","CDI","RI-INC","",""
"CHFLA","NET OPERATING CASH FLOW-ANN","CDI","RI-INC","",""
"CHFLQ","NET OPERATING CASH FLOW-QTR","CDI","RI-INC","",""
"CHFLQA","NET OPERATING CASH FLOW-QTR-ANN","CDI","RI-INC","",""
"CM","COMMODITY & OTHER-TOTAL CONTRACT","CDI","RC-L","",""
"CONSUBIW","INT ACC ON DEP OF CONSOL SUBS","CDI","RC-O","",""
"CONSUBTW","TIM&SAV DEP OF CONSOLIDATED SUBS","CDI","RC-O","",""
"COREDEP","CORE DEPOSITS","CDI","RC-BAL","",""
"CRAGQ","AG LOAN RECOVERIES-QTR","CDI","RI-B","",""
"CRAGSMQ","AG LOAN RECOVERIES-QTR*SMALL BKS","CDI","RI-B","",""
"CRAUTOQ","AUTO LNS - RECOVERIES - QTR","CDI","RI-B","",""
"CRCINUSQ","NON-U.S. COMM LN RECOVERIES-QTR","CDI","RI-B","",""
"CRCIQ","COMMERCIAL LOAN RECOVERIES-QTR","CDI","RI-B","",""
"CRCOMREQ","COMMERCIAL RE LN RECOVERIES-QTR","CDI","RI-B","",""
"CRCONOTQ","OTHER CONSUMER LN RECOVERIES-QTR","CDI","RI-B","",""
"CRCONQ","CONSUMER LOAN RECOVERIES-QTR","CDI","RI-B","",""
"CRCRCDQ","CREDIT CARD LN RECOVERIES-QTR","CDI","RI-B","",""
"CRDEPNUQ","FOREIGN DEP INST LN CHG-OFF-QTR","CDI","RI-B","",""
"CRDEPQ","DEPOSITORY INST LOAN RECOVER-QTR","CDI","RI-B","",""
"CRFORGVQ","FOREIGN GOV LN RECOVERIES-QTR","CDI","RI-B","",""
"CRLNLSEQ","EXPECT REC AMT LNLS INCL ACL-QTR","CDI","RI-B","",""
"CRLNLSQ","LN&LS RECOVERIES-QTR","CDI","RI-B","",""
"CRLSCONQ","CONSUMER LEASE RECOVERIES - QTR","CDI","RI-B","",""
"CRLSNUSQ","NON-U.S. LEASE RECOVERIES-QTR","CDI","RI-B","",""
"CRLSOTHQ","ALL OTHER LEASE RECOVERIES - QTR","CDI","RI-B","",""
"CRLSQ","LEASE RECOVERIES-QTR","CDI","RI-B","",""
"CROFFBS","TOTAL OFF-BAL SHEET RECOVERIES","CDI","RI-B","",""
"CROFFBSQ","OFF-BAL SHEET RECOVERIES-QTR","CDI","RI-B","",""
"CROTHQ","ALL OTHER LN RECOVERIES-QTR","CDI","RI-B","",""
"CRREAGQ","FARMLAND RE LN RECOVERIES-QTR","CDI","RI-B","",""
"CRREAOT","OTHER RE LOANS RECOVERIES","CDI","RI-B","",""
"CRREAOTQ","OTHER RE LOANS RECOVERIES-QTR","CDI","RI-B","",""
"CRRECNFQ","1-4 FAM CONST LN RECOVERY-QTR","CDI","RI-B","",""
"CRRECNOQ","OTHER CONSTRUCT LN RECOVERIES-QTR","CDI","RI-B","",""
"CRRECONQ","CONSTRUCTION RE LN RECOVER-QTR","CDI","RI-B","",""
"CRREFORA","REAL EST LN RECOVERIES-FOR-ANN","CDI","RI-B","",""
"CRREFORQ","REAL EST LOAN RECOVERIES-FOR-QTR","CDI","RI-B","",""
"CRREFQA","RE LOAN RECOVERIES FOR-QTR-ANN","CDI","RI-B","",""
"CRRELOCQ","LINE OF CREDIT RE LN RECOVER-QTR","CDI","RI-B","",""
"CRREMULQ","MULTIFAMILY RE LN RECOVERIES-QTR","CDI","RI-B","",""
"CRRENOTQ","OTHER NONFARM NONRES RECOV-QTR","CDI","RI-B","",""
"CRRENOWQ","OWN OCC NONFRM NONRS RECOV-QTR","CDI","RI-B","",""
"CRRENRSQ","NONFARM NONRES RE LN RECOVER-QTR","CDI","RI-B","",""
"CRRENUSQ","NON-U.S. RE LN RECOVERIES-QTR","CDI","RI-B","",""
"CRREOTHQ","RESIDENTIAL RE LN RECOVERIES-QTR","CDI","RI-B","",""
"CRREOTQ","RE LOANS-OTHER RECOVERIES-QTR","CDI","RI-B","",""
"CRREQ","RE LOANS RECOVERIES-QTR","CDI","RI-B","",""
"CRRERESQ","RE LOANS 1-4 FAMILY RECOVER-QTR","CDI","RI-B","",""
"CRRERS2Q","RE LN 1-4 FAM JR LIEN-RECOV-QTR","CDI","RI-B","",""
"CRRERSFQ","RE LN 1-4 FIRST LIEN-RECOV-QTR","CDI","RI-B","",""
"CRSCAFSQ","TOT DBT SEC-AFS-NET CHG-OFF-QTR","CDI","RI-B","",""
"CRSCHTMQ","TOTAL DEBT SEC-HTM-RECOVER-QTR","CDI","RI-B","",""
"CRTOTQ","LOAN & LEASE LOSS RECOVERIES-QTR","CDI","RI-B","",""
"CUSLI2","CUSTOMERS ACCEPTANCES-CAVG2","CDI","RC-BAL","",""
"CUSLI5","CUSTOMERS ACCEPTANCES-CAVG5","CDI","RC-BAL","",""
"DDTELIM","DDA ELIMINATIONS","CDI","RC-O","",""
"DDTGR","DDA-GROSS","CDI","RC-O","",""
"DDTJ","DDA-ADJ","CDI","RC-O","",""
"DDTJCS","DDA-ADJ LESS DEDUCTIONS","CDI","RC-O","",""
"DEP2","TOTAL DEPOSITS-CAVG2","CDI","RC-BAL","",""
"DEP5","TOTAL DEPOSITS-CAVG5","CDI","RC-BAL","",""
"DEPAADA","DEPOSIT ADJUSTED ATTR. - OAKAR","CDI","RC-O","",""
"DEPBRICW","BENEFIT-RESPONSIVE DEPOSITS","CDI","RC-O","",""
"DEPCSB","AVG DEP ASSESSMENT BASE-ESTIMATE","CDI","RC-O","",""
"DEPCSBQ","ESTIMATE DEP ASSESSMENT BASE-QTR","CDI","RC-O","",""
"DEPDOM2","TOTAL DEPOSITS-DOM-CAVG2","CDI","RC-BAL","",""
"DEPDOM5","TOTAL DEPOSITS-DOM-CAVG5","CDI","RC-BAL","",""
"DEPFORW","TOTAL DEPOSITS-FOR-W","CDI","RC-BAL","",""
"DEPFORW2","TOTAL DEPOSITS-FOR-CAVG2","CDI","RC-BAL","",""
"DEPFORW5","TOTAL DEPOSITS-FOR-CAVG5","CDI","RC-BAL","",""
"DEPI2","INTEREST-BEARING DEP-CAVG2","CDI","RC-BAL","",""
"DEPI5","INTEREST-BEARING DEP-CAVG5","CDI","RC-BAL","",""
"DEPINS","ESTIMATED INSURED DEPOSITS","CDI","RC-O","",""
"DEPLGAMT","LARGE DEPOSIT ACCOUNTS-AMOUNT","CDI","RC-O","",""
"DEPLGNUM","LARGE DEPOSIT ACCOUNTS-NUMBER","CDI","RC-O","",""
"DEPNI2","NONINTEREST-BEARING DEP-CAVG2","CDI","RC-BAL","",""
"DEPNI5","NONINTEREST-BEARING DEP-CAVG5","CDI","RC-BAL","",""
"DEPPREFD","PREFERRED DEPOSITS","CDI","RC-E","",""
"DEPSMAMT","SMALL DEPOSIT ACCOUNTS-AMOUNT","CDI","RC-O","",""
"DEPSMNUM","SMALL DEPOSIT ACCOUNTS-NUMBER","CDI","RC-O","",""
"DEPSMRNB","SMALL DEPOSIT RETIREMENT ACC-NUM","CDI","RC-O","",""
"DEPUNINS","ESTIMATED UNINSURED DEPOSITS","CDI","RC-O","",""
"DISCTSW","UNAMORT DISC ON T&S DEPOSITS","CDI","RC-O","",""
"DRAGQ","AG LOAN CHARGE-OFFS-QTR","CDI","RI-B","",""
"DRAGSMQ","AG LOAN CHG-OFFS-QTR*SMALL BKS","CDI","RI-B","",""
"DRAUTOQ","AUTO LNS - CHG-OFFS - QTR","CDI","RI-B","",""
"DRCINUSQ","NON-U.S. COMMER LN CHG-OFFS-QTR","CDI","RI-B","",""
"DRCIQ","COMMERCIAL LOAN CHG-OFFS-QTR","CDI","RI-B","",""
"DRCOMREQ","COMMERCIAL RE LN CHG-OFFS-QTR","CDI","RI-B","",""
"DRCONOTQ","OTHER CONSUMER LN CHG-OFFS-QTR","CDI","RI-B","",""
"DRCONQ","CONSUMER LOAN CHG-OFFS-QTR","CDI","RI-B","",""
"DRCRCDQ","CREDIT CARD LN CHG-OFFS-QTR","CDI","RI-B","",""
"DRDEPNUQ","FOREIGN DEP INST LN CHG-OFF-QTR","CDI","RI-B","",""
"DRDEPQ","DEPOSITORY INST LOAN CHG-OFF-QTR","CDI","RI-B","",""
"DRFORGVQ","FOREIGN GOV LN CHG-OFFS-QTR","CDI","RI-B","",""
"DRLNLSQ","LN&LS CHARGE-OFFS-QTR","CDI","RI-B","",""
"DRLSCONQ","CONSUMER LEASE CHG-OFF - QTR","CDI","RI-B","",""
"DRLSNUSQ","NON-U.S. LEASE CHG-OFFS-QTR","CDI","RI-B","",""
"DRLSOTHQ","ALL OTHER LEASES CHG-OFF - QTR","CDI","RI-B","",""
"DRLSQ","LEASE CHARGE-OFFS-QTR","CDI","RI-B","",""
"DROBSDIQ","CREDIT LOSS ON DERIVATIVES-QTR","CDI","RI-INC","",""
"DROFFBS","TOTAL OFF-BAL SHEET CHG-OFFS","CDI","RI-B","",""
"DROFFBSQ","OFF-BAL SHEET CHG-OFF-QTR","CDI","RI-B","",""
"DROTHQ","ALL OTHER LN CHG-OFFS-QTR","CDI","RI-B","",""
"DRREAGQ","FARMLAND RE LN CHG-OFFS-QTR","CDI","RI-B","",""
"DRREAOT","OTHER RE LOANS CHARGE-OFFS","CDI","RI-B","",""
"DRREAOTQ","OTHER RE LOANS CHG-OFFS-QTR","CDI","RI-B","",""
"DRRECNFQ","1-4 FAM CONST LN CHG-OFF-QTR","CDI","RI-B","",""
"DRRECNOQ","OTHER CONSTRUCT LN CHG-OFF-QTR","CDI","RI-B","",""
"DRRECONQ","CONSTRUCTION RE LN CHG-OFFS-QTR","CDI","RI-B","",""
"DRREFORA","REAL ESTATE LN CHG-OFF-ANN","CDI","RI-B","",""
"DRREFORQ","REAL ESTATE LOAN CHG-OFF-QTR","CDI","RI-B","",""
"DRREFQA","RE LOAN CHG-OFF-FOR-QTR-ANN","CDI","RI-B","",""
"DRRELOCQ","LINE OF CREDIT RE LN CHG-OFF-QTR","CDI","RI-B","",""
"DRREMULQ","MULTIFAMILY RE LN CHG-OFFS-QTR","CDI","RI-B","",""
"DRRENOTQ","OTHER NONFARM NONRES CHG-OFF-QTR","CDI","RI-B","",""
"DRRENOWQ","OWN OCC NONFRM NONRS CHG-OFF-QTR","CDI","RI-B","",""
"DRRENRSQ","NONFARM NONRES RE LN CHG-OFF-QTR","CDI","RI-B","",""
"DRRENUSQ","NON-U.S. RE LN CHG-OFFS-QTR","CDI","RI-B","",""
"DRREOTHQ","RESIDENTIAL RE LN CHG-OFFS-QTR","CDI","RI-B","",""
"DRREOTQ","RE LOANS-OTHER CHG-OFFS-QTR","CDI","RI-B","",""
"DRREQ","RE LOANS CHG-OFFS-QTR","CDI","RI-B","",""
"DRRERESQ","RE LOANS 1-4 FAMILY CHG-OFFS-QTR","CDI","RI-B","",""
"DRRERS2Q","RE LN 1-4 FAM JR LN-CHG-OFF-QTR","CDI","RI-B","",""
"DRRERSFQ","RE LN 1-4 FIRST LIEN-CHG-OFF-QTR","CDI","RI-B","",""
"DRSCAFSQ","TOTAL DBT SEC-AFS-CHG-OFF-QTR","CDI","RI-B","",""
"DRSCHTMQ","TOTAL DBT SEC-HTM-CHG-OFF-QTR","CDI","RI-B","",""
"DRTOTQ","LOAN AND LEASE LOSS CHG-OFFS-QTR","CDI","RI-B","",""
"EAMINTA","AMORT OF INTAN ASSETS-ANN","CDI","RI-INC","",""
"EAMINTQ","AMORTIZATION OF INTANG ASSET-QTR","CDI","RI-INC","",""
"ECD100A","INT EXP TIME CD GT $250,000-ANN","CDI","RI-INC","",""
"ECD100Q","INT EXP TIME CD GT $250,000-QTR","CDI","RI-INC","",""
"ECOSTF","COST OF FUNDS","CDI","RI-INC","",""
"ECOSTFA","COST OF FUNDS-ANN","CDI","RI-INC","",""
"ECOSTFQ","COST OF FUNDS-QTR","CDI","RI-INC","",""
"ED","EQUITY DERIVATIVE-TOTAL CONTRACT","CDI","RC-L","",""
"EDCM","EQUITY, COMMODITY & OTHER-TOTAL","CDI","RC-L","",""
"EDEPA","DEPOSIT INTEREST EXPENSE-ANN","CDI","RI-INC","",""
"EDEPDOMA","DEPOSIT INTEREST EXPENSE-DOM-ANN","CDI","RI-INC","",""
"EDEPDOMQ","DEPOSIT INTEREST EXPENSE-DOM-QTR","CDI","RI-INC","",""
"EDEPFORA","DEPOSIT INTEREST EXPENSE-FOR-ANN","CDI","RI-INC","",""
"EDEPFORQ","DEPOSIT INTEREST EXPENSE-FOR-QTR","CDI","RI-INC","",""
"EDEPQ","DEPOSIT INTEREST EXPENSE-QTR","CDI","RI-INC","",""
"EEFF","EFFICIENCY RATIO EXPENSE","CDI","RI-INC","",""
"EEFFQ","EFFICIENCY RATIO EXPENSE-QTR","CDI","RI-INC","",""
"EFREPPA","FED FUNDS & REPO INT EXPENSE-ANN","CDI","RI-INC","",""
"EFREPPQ","FED FUNDS & REPO INT EXPENSE-QTR","CDI","RI-INC","",""
"EINTEXPA","TOTAL INTEREST EXPENSE-ANN","CDI","RI-INC","",""
"EINTGWA","GOODWILL IMPAIRMENT LOSSES - QTR","CDI","RI-INC","",""
"EINTGWQ","GOODWILL IMPAIRMENT LOSSES - QTR","CDI","RI-INC","",""
"EINTGWQA","GOODWILL IMPAIRMT LOSSES-QTR-ANN","CDI","RI-INC","",""
"EINTOTHA","AMORT&IMPAIR LOSS OTH INT-ANN","CDI","RI-INC","",""
"EINTOTHQ","AMORT&IMPAIR LOSS OTHINT-QTR","CDI","RI-INC","",""
"EINTOTQA","AMORT&IMP LOSS OTH INT-QTR-ANN","CDI","RI-INC","",""
"EINTXQ","TOTAL INTEREST EXPENSE-QTR","CDI","RI-INC","",""
"EINTXQA","TOTAL INTEREST EXPENSE-QTR-ANN","CDI","RI-INC","",""
"ELNATQ","PROV FOR CREDIT LOSSES-QTR","CDI","RI-INC","",""
"ELNATQA","PROV FOR CREDIT LOSSES-QTR-ANN","CDI","RI-INC","",""
"ELNATQCP","PROV FOR CREDIT LOSSES-QTR-CP","CDI","RI-INC","",""
"ELNATQPP","PROV FOR CREDIT LOSSES-QTR-PP","CDI","RI-INC","",""
"ELNATRA","PROVISION FOR CREDIT LOSSES - ANN","CDI","RI-INC","",""
"ELNATRCP","PROV FOR CREDIT LOSSES-CP","CDI","RI-INC","",""
"ELNATRPP","PROV FOR CREDIT LOSSES-PP","CDI","RI-INC","",""
"ELNLOSA","PROV CREDIT LOSSES-ANN","CDI","RI-B","",""
"ELNLOSFQ","PROV FOR LN&LS LOSSES-FOR-QTR","CDI","RI-INC","",""
"ELNLOSQ","PROV CREDIT LOSSES-QTR","CDI","RI-B","",""
"ELNLOSQA","PROV CREDIT LOSSES-QTR-ANN","CDI","RI-B","",""
"ELNLSFOQ","PROV CREDIT LOSS-FGN OFF-QTR","CDI","RI-INC","",""
"EMMDAA","MMDA INTEREST EXPENSE-ANN","CDI","RI-INC","",""
"EMMDAQ","MMDA INTEREST EXPENSE-QTR","CDI","RI-INC","",""
"EMTGLSA","MORTGAGE DEBT INTEREST EXP-ANN","CDI","RI-INC","",""
"EMTGLSQ","MORTGAGE DEBT INTEREST EXP-QTR","CDI","RI-INC","",""
"ENONTRAA","NONTRANSACTION ACCTS INT EXP-ANN","CDI","RI-INC","",""
"ENONTRAQ","NONTRANSACTION ACCTS INT EXP-QTR","CDI","RI-INC","",""
"ENOWMMAA","NOW & MMDA INTEREST EXPENSE-ANN","CDI","RI-INC","",""
"ENOWMMAQ","NOW & MMDA INTEREST EXPENSE-QTR","CDI","RI-INC","",""
"EOFAQ","PROV CR LOSS-OTH FIN ASSETS-QTR","CDI","RI-B","",""
"EOFFBSQ","PROV CR LOSS - OFF B/S - QTR","CDI","RI-B","",""
"EOTHINQA","OTHER INTEREST EXPENSE-QTR-ANN","CDI","RI-INC","",""
"EOTHINTA","OTHER INTEREST EXPENSE-ANN","CDI","RI-INC","",""
"EOTHINTQ","OTHER INTEREST EXPENSE-QTR","CDI","RI-INC","",""
"EOTHNINA","ALL OTHER NONINTEREST EXP-ANN","CDI","RI-INC","",""
"EOTHNINQ","ALL OTHER NONINTEREST EXP-QTR","CDI","RI-INC","",""
"EOTHTIMA","INT EXP TIME CD LE $250,000-ANN","CDI","RI-INC","",""
"EOTHTIMQ","INT EXP TIME CD LE $250,000-QTR","CDI","RI-INC","",""
"EPREMAGA","PREMISES & FIXED ASSETS EXP-ANN","CDI","RI-INC","",""
"EPREMAGQ","PREMISES & FIXED ASSETS EXP-QTR","CDI","RI-INC","",""
"EQ2","TOTAL BANK EQUITY CAPITAL-CAVG2","CDI","RC-BAL","",""
"EQ5","TOTAL BANK EQUITY CAPITAL-CAVG5","CDI","RC-BAL","",""
"EQCDIVA","CASH DIVIDENDS ON COMM & PFD-ANN","CDI","RI-A","",""
"EQCDIVQ","CASH DIVIDENDS ON CAPITAL STK-Q","CDI","RI-A","",""
"EQCFCTA2","CUMULATIVE FOR CUR TRAN AD-CAVG2","CDI","RC-BAL","",""
"EQCFCTA5","CUMULATIVE FOR CUR TRAN AD-CAVG5","CDI","RC-BAL","",""
"EQCS2","COMMON STOCK-CAVG2","CDI","RC-BAL","",""
"EQCS5","COMMON STOCK-CAVG5","CDI","RC-BAL","",""
"EQCSSTXQ","CAPITAL STOCK TRANSACTIONS - QTR","CDI","RI-A","",""
"EQCSXQ","NET ADDITIONS TO CAPITAL STOCK-Q","CDI","RI-A","",""
"EQCTRSXQ","TREASURY STOCK TRANSACTION - QTR","CDI","RI-A","",""
"EQPP2","PERPETUAL PREFERRED STOCK-CAVG2","CDI","RC-BAL","",""
"EQPP5","PERPETUAL PREFERRED STOCK-CAVG5","CDI","RC-BAL","",""
"EQRCAPHJ","RECIPROCAL HOLD CAP INST - ADJ","CDI","RC-BAL","",""
"EQSUR2","SURPLUS-CAVG2","CDI","RC-BAL","",""
"EQSUR5","SURPLUS-CAVG5","CDI","RC-BAL","",""
"EQTOTCP","TOTAL BANK EQUITY CAPITAL","CDI","RC-BAL","",""
"EQTOTPP","TOTAL EQUITY-PP","CDI","RC-BAL","",""
"EQUP115","UNREAL HOLDING G/L ADJ-FASB 115","CDI","RC-R","",""
"EQUP2","UNDIVIDED PROFITS-CAVG2","CDI","RC-BAL","",""
"EQUP5","UNDIVIDED PROFITS-CAVG5","CDI","RC-BAL","",""
"ERNAST","TOTAL EARNING ASSETS","CDI","RC-BAL","",""
"ERNAST2","TOTAL EARNING ASSETS-CAVG2I","CDI","RC-BAL","",""
"ERNAST5","TOTAL EARNING ASSETS-CAVG5I","CDI","RC-BAL","",""
"ESALA","SALARIES AND EMPLOYEE BEN-ANN","CDI","RI-INC","",""
"ESALQ","SALARIES AND EMPLOYEE BEN-QTR","CDI","RI-INC","",""
"ESAVDEPA","OTHER SAVINGS ACCTS INT EXP-ANN","CDI","RI-INC","",""
"ESAVDEPQ","OTHER SAVINGS ACCTS INT EXP-QTR","CDI","RI-INC","",""
"ESAVDPA","NONTRANSACT SAV ACCT INT EXT-ANN","CDI","RI-INC","",""
"ESAVDPQ","NONTRANSACT SAV ACCT INT EXP-QTR","CDI","RI-INC","",""
"ESCAFSQ","PROV CR LOSS-SEC AFS-QTR","CDI","RI-INC","",""
"ESCHTMQ","PROV CR LOSS-SEC HTM-QTR","CDI","RI-INC","",""
"ESUBNDA","SUBORDINATED NOTES INT EXP-ANN","CDI","RI-INC","",""
"ESUBNDQ","SUBORDINATED NOTES INT EXP-QTR","CDI","RI-INC","",""
"ETRANDPA","TRANSACTION ACCOUNTS INT EXP-ANN","CDI","RI-INC","",""
"ETRANDPQ","TRANSACTION ACCOUNTS INT EXP-QTR","CDI","RI-INC","",""
"ETTLOTBA","TT&L & OTHER BORROW INT EXP-ANN","CDI","RI-INC","",""
"ETTLOTBQ","TT&L & OTHER BORROW INT EXP-QTR","CDI","RI-INC","",""
"ETTLOTMA","TT&L, OTH BOR & MTG INT EXP-ANN","CDI","RI-INC","",""
"ETTLOTMQ","TT&L, OTH BOR & MTG INT EXP-QTR","CDI","RI-INC","",""
"EXGRQ","GROSS EXTRA INTEMS & OTHER-QTR","CDI","RI-INC","",""
"EXTAXQ","APPLICABLE TAXES ON EXTRA-QTR","CDI","RI-INC","",""
"EXTRAA","NET DISCONTINUED OPERATIONS-ANN","CDI","RI-INC","",""
"EXTRAQ","NET DISCONTINUED OPERATIONS-QTR","CDI","RI-INC","",""
"EXTRAQA","NET DISCONT OPERATION-QTR-ANN","CDI","RI-INC","",""
"FREPO2","FED FUNDS & REPOS SOLD-CAVG2","CDI","RC-BAL","",""
"FREPO5","FED FUNDS & REPOS SOLD-CAVG5","CDI","RC-BAL","",""
"FREPP2","FED FUNDS & REPOS PURCHASE-CAVG2","CDI","RC-BAL","",""
"FREPP5","FED FUNDS & REPOS PURCHASE-CAVG5","CDI","RC-BAL","",""
"FX","FOREIGN EXCHANGE-TOTAL CONTRACTS","CDI","RC-L","",""
"IBEFTXA","INC BEFORE INC TAXS & DISC-ANN","CDI","RI-INC","",""
"IBEFTXQ","INC BEFORE INC TAXS & DISC-QTR","CDI","RI-INC","",""
"IBEFUGLQ","INC BEF G/L EQ SC, TX &DISC-QTR","CDI","RI-INC","",""
"IBEFXTQA","INCOME BEFORE DISC OPR-QTR-ANN","CDI","RI-INC","",""
"IBEFXTRA","INCOME BEFORE DISC OPR-ANN","CDI","RI-INC","",""
"IBEFXTRQ","INCOME BEFORE DISC OPR-QTR","CDI","RI-INC","",""
"ICHBALA","DEPOSITORY INSTITUT INT INC-ANN","CDI","RI-INC","",""
"ICHBALQ","DEPOSITORY INSTITUT INT INC-QTR","CDI","RI-INC","",""
"IEFF","EFFICIENCY RATIO INCOME","CDI","RI-INC","",""
"IEFFQ","EFFICIENCY RATIO INCOME-QTR","CDI","RI-INC","",""
"IFEEANUA","FEE & COMM ANNUITY SALES - ANN","CDI","RI-INC","",""
"IFEEANUQ","FEE & COMM ANNUITY SALES - QTR","CDI","RI-INC","",""
"IFIDUCA","FIDUCIARY ACTIVITIES INCOME-ANN","CDI","RI-INC","",""
"IFIDUCQ","FIDUCIARY ACTIVITIES INCOME-QTR","CDI","RI-INC","",""
"IFREPOA","FED FUNDS & REPO INT INC-ANN","CDI","RI-INC","",""
"IFREPOQ","FED FUNDS & REPO INT INC-QTR","CDI","RI-INC","",""
"IGLCDROQ","G/L CR DER HEDGE - OTHER - QTR","CDI","RI-INC","",""
"IGLCDRTQ","G/L CR DER HEDGE - TRADING - QTR","CDI","RI-INC","",""
"IGLCMEXQ","TRADING ACCT-COMMODITY-QTR","CDI","RI-INC","",""
"IGLCREXQ","TRADING REV CREDIT EXPOSURE- QTR","CDI","RI-INC","",""
"IGLEDEXQ","TRADING ACCT-INTEREST RATE-QTR","CDI","RI-INC","",""
"IGLFORTA","OTHER FOREIGN TRANS GAINS-ANN","CDI","RI-INC","",""
"IGLFORTQ","OTHER FOREIGN TRANS GAINS-QTR","CDI","RI-INC","",""
"IGLFXEXQ","TRADING ACCT-FOR.EXCHAGE-QTR","CDI","RI-INC","",""
"IGLFXTRA","FOREIGN EXCHANGE GAIN & FEES-ANN","CDI","RI-INC","",""
"IGLFXTRQ","FOREIGN EXCHANGE GAIN & FEES-QTR","CDI","RI-INC","",""
"IGLITDAQ","IMPACT TR REV CHG - DER AST-QTR","CDI","RI-INC","",""
"IGLITDLQ","IMPACT TR REV CHG -DER LIAB-QTR","CDI","RI-INC","",""
"IGLRTEXQ","TRADING ACCT-INTEREST RATE-QTR","CDI","RI-INC","",""
"IGLSCAQ","AVAILABLE-FOR-SALE SEC G/L-QTR","CDI","RI-INC","",""
"IGLSCEQQ","UNREAL G/L EQ SEC - QTR","CDI","RI-INC","",""
"IGLSCHQ","HELD-TO-MATURITY SEC G/L-QTR","CDI","RI-INC","",""
"IGLSECA","SECURITIES GAINS AND LOSSES-ANN","CDI","RI-INC","",""
"IGLSECJ","SECURITIES GAINS AND LOSSES-ADJ","CDI","RI-INC","",""
"IGLSECJA","SECURITIES GAINS & LOSS-ADJ-ANN","CDI","RI-INC","",""
"IGLSECJQ","SECURITIES GAINS & LOSS-ADJ-QTR","CDI","RI-INC","",""
"IGLSECQ","SECURITIES GAINS AND LOSSES-QTR","CDI","RI-INC","",""
"IGLSECQA","SECURITIES GAINS & LOSS-QTR-ANN","CDI","RI-INC","",""
"IGLTRADA","TRADING ACCOUNT GAINS & FEES-ANN","CDI","RI-INC","",""
"IGLTRADQ","TRADING ACCOUNT GAINS & FEES-QTR","CDI","RI-INC","",""
"IGLTRDQ","TRADING REVENUE-QTR","CDI","RI-INC","",""
"IGTAGVAQ","IMPACT TR RV CG DR AST-CVA QTR","CDI","RI-INC","",""
"IGTAGVHQ","IMPCT T RV CG DR AST-CVA HG QTR","CDI","RI-INC","",""
"IGTBPNNQ","IMPT T RV CG DER GRS-TR BEF-QTR","CDI","RI-INC","",""
"IGTLGDVQ","IMPT TR RV CG DR LIAB-G-DVA QTR","CDI","RI-INC","",""
"IGTLGVHQ","IMPCT T RV CG DR LIAB-CVA HG QTR","CDI","RI-INC","",""
"IINSCOMA","INSURANCE COMMISSIONS & FEES-ANN","CDI","RI-INC","",""
"IINSCOMQ","INSURANCE COMMISSIONS & FEE-QTR","CDI","RI-INC","",""
"IINSOTHA","INSURANCE COM & FEES-OTHER-ANN","CDI","RI-INC","",""
"IINSOTHQ","INSURANCE COMM & FEE - OTHER-QTR","CDI","RI-INC","",""
"IINSOTQA","INSURNCE COM & FEE-OTHER-QTR-ANN","CDI","RI-INC","",""
"IINSUNDA","INSURANCE UDERWRITING INC-ANN","CDI","RI-INC","",""
"IINSUNDQ","INSURANCE UNDERWRITING INC-QTR","CDI","RI-INC","",""
"IINSUNQA","INSURANCE UDERWRITNG INC-QTR-ANN","CDI","RI-INC","",""
"IINVBNKA","INVEST BANK & ADVISORY FEE - ANN","CDI","RI-INC","",""
"IINVBNKQ","INVEST BANK & ADVISORY FEE - QTR","CDI","RI-INC","",""
"IINVFEEA","INVEST BANK, BROKER & OTH-ANN","CDI","RI-INC","",""
"IINVFEEQ","INVEST BANK, BROKER & OTH-QTR","CDI","RI-INC","",""
"ILNA","LOAN INCOME-ANN","CDI","RI-INC","",""
"ILNACEPA","ACCEPTANCES OF OTH BKS INC-ANN","CDI","RI-INC","",""
"ILNACEPQ","ACCEPTANCES OF OTH BKS INC-QTR","CDI","RI-INC","",""
"ILNAGA","AGRICULTURAL LOAN INCOME-ANN","CDI","RI-INC","",""
"ILNAGQ","AGRICULTURAL LOAN INCOME-QTR","CDI","RI-INC","",""
"ILNCIA","COMMERCIAL LOAN INCOME-ANN","CDI","RI-INC","",""
"ILNCIQ","COMMERCIAL LOAN INCOME-QTR","CDI","RI-INC","",""
"ILNCONA","CONSUMER LOAN INCOME-ANN","CDI","RI-INC","",""
"ILNCONOA","OTHER CONSUMER LOAN INCOME-ANN","CDI","RI-INC","",""
"ILNCONOQ","OTHER CONSUMER LOAN INCOME-QTR","CDI","RI-INC","",""
"ILNCONQ","CONSUMER LOAN INCOME-QTR","CDI","RI-INC","",""
"ILNCRCDA","CREDIT CARD LOAN INCOME-ANN","CDI","RI-INC","",""
"ILNCRCDQ","CREDIT CARD LOAN INCOME-QTR","CDI","RI-INC","",""
"ILNDEPIA","DEPOSITORY INST LN INCOME-ANN","CDI","RI-INC","",""
"ILNDEPIQ","DEPOSITORY INST LN INCOME-QTR","CDI","RI-INC","",""
"ILNDOMA","LOAN INCOME-DOM-ANN","CDI","RI-INC","",""
"ILNDOMQ","LOAN INCOME-DOM-QTR","CDI","RI-INC","",""
"ILNFORA","LOAN INCOME-FOR-ANN","CDI","RI-INC","",""
"ILNFORGA","FOREIGN GOVERNMENT LOAN INC-ANN","CDI","RI-INC","",""
"ILNFORGQ","FOREIGN GOVERNMENT LOAN INC-QTR","CDI","RI-INC","",""
"ILNFORQ","LOAN INCOME-FOR-QTR","CDI","RI-INC","",""
"ILNLSA","LOAN & LEASE INCOME-ANN","CDI","RI-INC","",""
"ILNLSDA","LOAN & LEASE INCOME-DOM-ANN","CDI","RI-INC","",""
"ILNLSDQ","LOAN & LEASE INCOME-DOM-QTR","CDI","RI-INC","",""
"ILNLSQ","LOAN & LEASE INCOME-QTR","CDI","RI-INC","",""
"ILNLSXA","TAX-EXEMPT LN & LS INT INC-ANN","CDI","RI-INC","",""
"ILNLSXQ","TAX-EXEMPT LN & LS INT INC-QTR","CDI","RI-INC","",""
"ILNMUNIA","MUNICIPAL LOAN INCOME-ANN","CDI","RI-INC","",""
"ILNMUNIQ","MUNICIPAL LOAN INCOME-QTR","CDI","RI-INC","",""
"ILNOTHA","ALL OTHER LOAN INCOME-ANN","CDI","RI-INC","",""
"ILNOTHEA","ALL OTHER LOAN INCOME-ANN","CDI","RI-INC","",""
"ILNOTHEQ","ALL OTHER LOAN INCOME-QTR","CDI","RI-INC","",""
"ILNOTHQ","ALL OTHER LOAN INCOME-QTR","CDI","RI-INC","",""
"ILNQ","LOAN INCOME-QTR","CDI","RI-INC","",""
"ILNREA","REAL ESTATE LOAN INCOME-ANN","CDI","RI-INC","",""
"ILNREFNQ","NONCASH INC 1-4 FAM NEG AM - QTR","CDI","RI-INC","",""
"ILNREOTA","OTHER RE LOAN INCOME - ANN","CDI","RI-INC","",""
"ILNREOTQ","OTHER RE LOAN INCOME - QTR","CDI","RI-INC","",""
"ILNREQ","REAL ESTATE LOAN INCOME-QTR","CDI","RI-INC","",""
"ILNRERSA","1-4 FM RE LOAN INCOME - ANN","CDI","RI-INC","",""
"ILNRERSQ","1-4 FM RE LOAN INCOME - QTR","CDI","RI-INC","",""
"ILSA","LEASE INCOME-ANN","CDI","RI-INC","",""
"ILSQ","LEASE INCOME-QTR","CDI","RI-INC","",""
"INSBRDDW","DEMAND DEP IN INSURED BRANCHES","CDI","RC-O","",""
"INSBRIAW","INT ACC ON DEP INS BRANCHES","CDI","RC-O","",""
"INSBRTSW","TIM&SAV DEP IN INSURED BRANCHES","CDI","RC-O","",""
"INTAN2","INTANGIBLE ASSETS-CAVG2","CDI","RC-BAL","",""
"INTAN5","INTANGIBLE ASSETS-CAVG5","CDI","RC-BAL","",""
"INTANILG","DISALLOWED INTANGIBLE ASSETS-PCA","CDI","RC-R","",""
"INTANILP","DISALLOWED INTANGIBLE ASSETS-RBP","CDI","RC-R","",""
"INTANIMG","DISALLOW INTAN AST-TANGIBLE CAP","CDI","RC-R","",""
"INTANMPC","QUALIFYING MORT SER RIGHTS-TAN","CDI","RC-R","",""
"INTANMS2","MORTGAGE SERVICING RIGHTS-CAVG2","CDI","RC-BAL","",""
"INTANMS5","MORTGAGE SERVICING RIGHTS-CAVG5","CDI","RC-BAL","",""
"INTANMSL","FAIR VALUE MORT SERV ASTS*LIMIT","CDI","RC-R","",""
"INTANQ","QUALIFYING INTANGIBLE ASSETS-PCA","CDI","RC-R","",""
"INTANQP","QUALIFYING INTANGIBLE ASSETS-RBP","CDI","RC-R","",""
"INTINCA","TOTAL INTEREST INCOME-ANN","CDI","RI-INC","",""
"INTINQ","TOTAL INTEREST INCOME-QTR","CDI","RI-INC","",""
"INTINQA","TOTAL INTEREST INCOME-QTR-ANN","CDI","RI-INC","",""
"INVSUB2","INVEST IN UNCONSOLID SUBS-CAVG2","CDI","RC-BAL","",""
"INVSUB5","INVEST IN UNCONSOLID SUBS-CAVG5","CDI","RC-BAL","",""
"IOTHFEEA","OTHER FEE INCOME-ANN","CDI","RI-INC","",""
"IOTHFEEQ","OTHER FEE INCOME-QTR","CDI","RI-INC","",""
"IOTHIIA","OTHER INTEREST INCOME-ANN","CDI","RI-INC","",""
"IOTHIIQ","OTHER INTEREST INCOME-QTR","CDI","RI-INC","",""
"IOTHNIIA","ALL OTHER NONINTEREST INCOME-ANN","CDI","RI-INC","",""
"IOTHNIIQ","ALL OTHER NONINTEREST INCOME-QTR","CDI","RI-INC","",""
"IOTNIIA","OTHER NONINTEREST INCOME-ANN","CDI","RI-INC","",""
"IOTNIIQ","OTHER NONINTEREST INCOME-QTR","CDI","RI-INC","",""
"ISCA","TOTAL SECURITY INCOME-ANN","CDI","RI-INC","",""
"ISCCATMA","CONSMR DEP ATM SER CHGE-ANN","CDI","RI-INC","",""
"ISCCATMQ","CONSMR DEP ATM SER CHGE-QTR","CDI","RI-INC","",""
"ISCDBFA","FOREIGN DEBT SECURITIES INC-ANN","CDI","RI-INC","",""
"ISCDBFQ","FOREIGN DEBT SECURITIES INC-QTR","CDI","RI-INC","",""
"ISCDBOTA","OTHER DOMESTIC DEBT SEC INC-ANN","CDI","RI-INC","",""
"ISCDBOTQ","OTHER DOMESTIC DEBT SEC INC-QTR","CDI","RI-INC","",""
"ISCDBQA","DEBT AND EQUITY SEC INC-ANN","CDI","RI-INC","",""
"ISCDBQDA","DOMESTIC DEBT & EQ SEC INC-ANN","CDI","RI-INC","",""
"ISCDBQDQ","DOMESTIC DEBT & EQ SEC INC-QTR","CDI","RI-INC","",""
"ISCDBQFA","FOREIGN DEBT & EQ SEC INC-ANN","CDI","RI-INC","",""
"ISCDBQFQ","FOREIGN DEBT & EQ SEC INC-QTR","CDI","RI-INC","",""
"ISCDBQQ","DEBT AND EQUITY SEC INC-QTR","CDI","RI-INC","",""
"ISCDBTA","DEBT SECURITY INCOME-ANN","CDI","RI-INC","",""
"ISCDBTQ","DEBT SECURITY INCOME-QTR","CDI","RI-INC","",""
"ISCEQA","EQUITY SECURITIES INCOME-ANN","CDI","RI-INC","",""
"ISCEQQ","EQUITY SECURITIES INCOME-QTR","CDI","RI-INC","",""
"ISCGCMNA","CONSMER DEP MAIN SER CHGE-ANN","CDI","RI-INC","",""
"ISCGCMNQ","CONSMER DEP MAIN SER CHGE-QTR","CDI","RI-INC","",""
"ISCGCOVA","CONSMER DEP OVDRFT SER CHGE-ANN","CDI","RI-INC","",""
"ISCGCOVQ","CONSMER DEP OVDRFT SER CHGE-QTR","CDI","RI-INC","",""
"ISCGOTHA","ALL OTH SER CHRG-DEP-ANN","CDI","RI-INC","",""
"ISCGOTHQ","ALL OTH SER CHRG-DEP-QTR","CDI","RI-INC","",""
"ISCMTGBA","MORGAGE-BACKED SEC INT INC-ANN","CDI","RI-INC","",""
"ISCMTGBQ","MORTGAGE-BACKED SEC INT INC-QTR","CDI","RI-INC","",""
"ISCMUNIA","MUNICIPAL SECURITIES INCOME-ANN","CDI","RI-INC","",""
"ISCMUNIQ","MUNICIPAL SECURITIES INCOME-QTR","CDI","RI-INC","",""
"ISCMUNXA","TAX-EMEMPT MUNICIPAL SEC INC-ANN","CDI","RI-INC","",""
"ISCMUNXQ","TAX-EMEMPT MUNICIPAL SEC INC-QTR","CDI","RI-INC","",""
"ISCOTHA","ALL OTHER SECURITIES INT INC-ANN","CDI","RI-INC","",""
"ISCOTHQ","ALL OTHER SECURITIES INT INC-QTR","CDI","RI-INC","",""
"ISCOTICA","OTH TMP IMP LOSS SC-CMP INC-ANN","CDI","RI-INC","",""
"ISCOTICQ","OTH TMP IMP LOSS SC-CMP INC-QTR","CDI","RI-INC","",""
"ISCOTIEA","OTH TEMP IMP LOSS SEC- EARN-ANN","CDI","RI-INC","",""
"ISCOTIEQ","OTH TEMP IMP LOSS SEC- EARN-QTR","CDI","RI-INC","",""
"ISCOTITA","OTH TEMP IMPAIR LOSS SC-TOT-ANN","CDI","RI-INC","",""
"ISCOTITQ","OTH TEMP IMPAIR LOSS SC-TOT-QTR","CDI","RI-INC","",""
"ISCQ","TOTAL SECURITY INCOME-QTR","CDI","RI-INC","",""
"ISCUSAGA","U.S.TREASURY & AGENCY INT IN-ANN","CDI","RI-INC","",""
"ISCUSAGQ","U.S.TREASURY & AGENCY INT IN-QTR","CDI","RI-INC","",""
"ISCUSTAA","U.S.TREAS & AGENCY INT INC-ANN","CDI","RI-INC","",""
"ISCUSTAQ","U.S.TREAS & AGENCY INT INC-QTR","CDI","RI-INC","",""
"ISECBROA","FEE & COMMISSION SEC BROKER ANN","CDI","RI-INC","",""
"ISECBROQ","FEE & COMMISION SEC BROKER - QTR","CDI","RI-INC","",""
"ISECZA","SECURITIZATION INCOME-ANN","CDI","RI-INC","",""
"ISECZQ","SECURITIZATION INCOME-QTR","CDI","RI-INC","",""
"ISERCHGA","SERVICE CHARGE ON DEP ACCTS-ANN","CDI","RI-INC","",""
"ISERCHGQ","SERVICE CHARGE ON DEP ACCTS-QTR","CDI","RI-INC","",""
"ISERFEEA","SERVICING FEES-ANN","CDI","RI-INC","",""
"ISERFEEQ","SERVICING FEE-QTR","CDI","RI-INC","",""
"ITAXA","APPLICABLE INCOME TAXES-ANN","CDI","RI-INC","",""
"ITAXQ","APPLICABLE INCOME TAXES-QTR","CDI","RI-INC","",""
"ITAXQA","APPLICABLE INCOME TAXES-QTR-ANN","CDI","RI-INC","",""
"ITRADEA","INTEREST INC ON TRADING ACCT-ANN","CDI","RI-INC","",""
"ITRADEQ","INTEREST INC ON TRADING ACCT-QTR","CDI","RI-INC","",""
"IVENCAPA","VENTURE CAPITAL REVENUE-ANN","CDI","RI-INC","",""
"IVENCAPQ","VENTURE CAPITAL REVENUE-QTR","CDI","RI-INC","",""
"LCLC","UNUSED COMMIT & CREDIT LETTERS","CDI","RC-C","",""
"LCON","CONSUMER LOANS - LOSS SHARE","CDI","RC-BAL","",""
"LIAB2","TOTAL LIABILITIES-CAVG2","CDI","RC-BAL","",""
"LIAB5","TOTAL LIABILITIES-CAVG5","CDI","RC-BAL","",""
"LIABEQ2","TOTAL LIABILITIES & CAP-CAVG2","CDI","RC-BAL","",""
"LIABEQ5","TOTAL LIABILITIES & CAP-CAVG5","CDI","RC-BAL","",""
"LIABINT","INTEREST-BEARING LIABILITIES","CDI","RC-BAL","",""
"LIABINT2","INTEREST-BEARING LIAB-CAVG2","CDI","RC-BAL","",""
"LIABINT5","INTEREST-BEARING LIAB-CAVG5","CDI","RC-BAL","",""
"LLPFDST2","LIMITED-LIFE PREFERRED STK-CAVG2","CDI","RC-BAL","",""
"LLPFDST5","LIMITED-LIFE PREFERRED STK-CAVG5","CDI","RC-BAL","",""
"LNACOTD2","ACCEPTANCES OF OTH BKS-DOM-CAVG2","CDI","RC-C","",""
"LNACOTD5","ACCEPTANCES OF OTH BKS-DOM-CAVG5","CDI","RC-C","",""
"LNAG1","AGRICULTURAL LOANS-UNDER 100-$","CDI","RC-C","",""
"LNAG1N","AGRICULTURAL LOANS-UNDER 100-NUM","CDI","RC-C","",""
"LNAG2","AGRICULTURAL LOANS-100-250-$","CDI","RC-C","",""
"LNAG22","AG LOANS-CAVG2","CDI","RC-C","",""
"LNAG2N","AGRICULTURAL LOANS-100-250-NUM","CDI","RC-C","",""
"LNAG3","AGRICULTURAL LOANS-250-500-$","CDI","RC-C","",""
"LNAG3N","AGRICULTURAL LOANS-250-500-NUM","CDI","RC-C","",""
"LNAG4","AGRICULTURAL LOANS-UNDER 500-$","CDI","RC-C","",""
"LNAG4N","AGRICULTURAL LOANS-UNDER 500-NUM","CDI","RC-C","",""
"LNAG5","AG LOANS-CAVG5","CDI","RC-C","",""
"LNAGDOM2","AG LOANS-DOM-CAVG2","CDI","RC-C","",""
"LNAGDOM5","AG LOANS-DOM-CAVG5","CDI","RC-C","",""
"LNAGTEST","AGRICULTURAL LOAN TEST","CDI","RC-C","",""
"LNAGTOT","TOTAL AG LOANS","CDI","RC-C","",""
"LNATRES2","ALLOW FOR CREDIT LOSSES ON LNS & LS & CAVG2","CDI","RC-BAL","",""
"LNATRES5","ALLOW FOR CREDIT LOSSES ON LNS & LS & CAVG5","CDI","RC-BAL","",""
"LNATRESJ","ALLOW FOR CREDIT LOSSES ON LN & LS-ADJUSTED","CDI","RC-C","",""
"LNAUTO2","CONSUMER LOANS - AUTO - CAVG2","CDI","RC-C","",""
"LNAUTO5","CONSUMER LOANS - AUTO - CAVG5","CDI","RC-C","",""
"LNAUTOD2","CONSUMER LN - AUTO- DOM - CAVG2","CDI","RC-C","",""
"LNAUTOD5","CONSUMER LN - AUTO- DOM- CAVG5","CDI","RC-C","",""
"LNCI1","C&I LOANS-UNDER-100-$","CDI","RC-C","",""
"LNCI1N","C&I LOANS-UNDER-100-NUM","CDI","RC-C","",""
"LNCI2","C&I LOANS-100-250-$","CDI","RC-C","",""
"LNCI22","C&I LOANS-CAVG2","CDI","RC-C","",""
"LNCI2N","C&I LOANS-100-250-NUM","CDI","RC-C","",""
"LNCI3","C&I LOANS-250-1M-$","CDI","RC-C","",""
"LNCI3N","C&I LOANS-250-1M-NUM","CDI","RC-C","",""
"LNCI4","C&I LOANS-UNDER-1M-$","CDI","RC-C","",""
"LNCI4N","C&I LOANS-UNDER-1M-NUM","CDI","RC-C","",""
"LNCI5","C&I LOANS-CAVG5","CDI","RC-C","",""
"LNCIBD","COMMERCIAL OR BUSINESS LOANS-DOM","CDI","RC-C","",""
"LNCIDOM2","C&I LOANS-DOM-CAVG2","CDI","RC-C","",""
"LNCIDOM5","C&I LOANS-DOM-CAVG5","CDI","RC-C","",""
"LNCOMRE2","COMMERCIAL RE LOANS-CAVG2","CDI","RC-C","",""
"LNCOMRE5","COMMERCIAL RE LOANS-CAVG5","CDI","RC-C","",""
"LNCON2","CONSUMER LOANS-CAVG2","CDI","RC-C","",""
"LNCON5","CONSUMER LOANS-CAVG5","CDI","RC-C","",""
"LNCONCEN","CREDIT RISK CONCENTRATED - LOANS","CDI","RC-C","",""
"LNCONDFV","CONSUMER LN-DOM - FAIR VALUE","CDI","RC-C","",""
"LNCONDO2","CONSUMER LOANS-DOM-CAVG2","CDI","RC-C","",""
"LNCONDO5","CONSUMER LOANS-DOM-CAVG5","CDI","RC-C","",""
"LNCONDUP","CONSUMER LN-DOM - UNPD PRIN","CDI","RC-C","",""
"LNCONFV","CONSUMER LOANS - FAIR VALUE","CDI","RC-Q","",""
"LNCONOT2","OTHER CONSUMER LOANS-CAVG2","CDI","RC-C","",""
"LNCONOT5","OTHER CONSUMER LOANS-CAVG5","CDI","RC-C","",""
"LNCONTRA","OTHER CONTRA ACCOUNTS","CDI","RC-C","",""
"LNCONUP","CONSUMER LOANS - UNPAID PRIN","CDI","RC-C","",""
"LNCRCD2","CREDIT CARD PLANS-CAVG2","CDI","RC-C","",""
"LNCRCD5","CREDIT CARD PLANS-CAVG5","CDI","RC-C","",""
"LNDEP2","DEPOSITORY INST LNS-CAVG2","CDI","RC-C","",""
"LNDEP5","DEPOSITORY INST LNS-CAVG5","CDI","RC-C","",""
"LNDEPUST","U.S. BANK & OTH DEP INST LNS","CDI","RC-C","",""
"LNDIVER","CREDIT RISK DIVERSIFIED - LOANS","CDI","RC-C","",""
"LNFGDOM2","FOREIGN GOVT LOANS-DOM-CAVG2","CDI","RC-C","",""
"LNFGDOM5","FOREIGN GOVT LOANS-DOM-CAVG5","CDI","RC-C","",""
"LNHRSK","HIGH RISK LOANS","CDI","RC-C","",""
"LNLS2","LN&LS + UNEARNED INC-CAVG2","CDI","RC-C","",""
"LNLS5","LN&LS + UNEARNED INC-CAVG5","CDI","RC-C","",""
"LNLSDOM2","LN&LS + UNEARNED INC-DOM-CAVG2","CDI","RC-C","",""
"LNLSDOM5","LN&LS + UNEARNED INC-DOM-CAVG5","CDI","RC-C","",""
"LNLSEC1","NET LN&LS AND SEC GT 1 YEAR","CDI","RC-BAL","",""
"LNLSFOR2","LN&LS + UNEARNED INC-FOR-CAVG2","CDI","RC-C","",""
"LNLSFOR5","LN&LS + UNEARNED INC-FOR-CAVG5","CDI","RC-C","",""
"LNLSFORW","LN&LS + UNEARNED INC-FOR","CDI","RC-C","",""
"LNLSGR2","LOANS AND LEASES-TOTAL-CAVG2","CDI","RC-BAL","",""
"LNLSGR5","LOANS AND LEASES-TOTAL-CAVG5","CDI","RC-BAL","",""
"LNLSGRD2","LOANS AND LEASES-TOTAL-DOM-CAVG2","CDI","RC-C","",""
"LNLSGRD5","LOANS AND LEASES-TOTAL-DOM-CAVG5","CDI","RC-C","",""
"LNLSGRF2","LOANS AND LEASES-TOTAL-FOR-CAVG2","CDI","RC-C","",""
"LNLSGRF5","LOANS AND LEASES-TOTAL-FOR-CAVG5","CDI","RC-C","",""
"LNLSGRFW","LOANS AND LEASES-TOTAL-FOR","CDI","RC-C","",""
"LNLSGRJ","LOANS & LEASES TOTAL-ADJUSTED","CDI","RC-C","",""
"LNLSNET2","LOANS AND LEASES-NET-CAVG2","CDI","RC-BAL","",""
"LNLSNET5","LOANS AND LEASES-NET-CAVG5","CDI","RC-BAL","",""
"LNMUNID2","MUNI LOANS-DOM-CAVG2","CDI","RC-C","",""
"LNMUNID5","MUNI LOANS-DOM-CAVG5","CDI","RC-C","",""
"LNORE","ALL R/E LOANS PLUS OREO","CDI","RC-C","",""
"LNOTCI","OTHER LNS & LS-COMM-QBP","CDI","RC-C","",""
"LNOTCI2","OTHER LOANS & LEASES-QBP-CAVG2","CDI","RC-C","",""
"LNOTCI5","OTHER LOANS & LEASES-QBP-CAVG5","CDI","RC-C","",""
"LNOTD","ALL OTHER LOANS-DOM","CDI","RC-C","",""
"LNOTD2","ALL OTHER LOANS-DOM-CAVG2","CDI","RC-C","",""
"LNOTD5","ALL OTHER LOANS-DOM-CAVG5","CDI","RC-C","",""
"LNOTMI","OTHER LOANS & LEASES-MI VERSION","CDI","RC-C","",""
"LNOTSI","OTHER LOANS & LEASES-SI-QBP","CDI","RC-C","",""
"LNRE2","RE LOANS-CAVG2","CDI","RC-C","",""
"LNRE5","RE LOANS-CAVG5","CDI","RC-C","",""
"LNREAG1","RE AGRICULTURAL-UNDER 100-$","CDI","RC-C","",""
"LNREAG1N","RE AGRICULTURAL-UNDER 100-NUM","CDI","RC-C","",""
"LNREAG2","RE AGRICULTURAL-100-250-$","CDI","RC-C","",""
"LNREAG22","RE AGRICULTURAL-CAVG2","CDI","RC-C","",""
"LNREAG2N","RE AGRICULTURAL-100-250-NUM","CDI","RC-C","",""
"LNREAG3","RE AGRICULTURAL-250-500-$","CDI","RC-C","",""
"LNREAG3N","RE AGRICULTURAL-250-500-NUM","CDI","RC-C","",""
"LNREAG4","RE AGRICULTURAL-UNDER 500-$","CDI","RC-C","",""
"LNREAG4N","RE AGRICULTURAL-UNDER 500-NUM","CDI","RC-C","",""
"LNREAG5","RE AGRICULTURAL-CAVG5","CDI","RC-C","",""
"LNRECFM","1-4 FM RE CONS LN BK ONLY - RAT","CDI","RC-C","",""
"LNRECM","RE COMMERCIAL & MULTIFAMILY LNS","CDI","RC-C","",""
"LNRECNF2","1-4 FAM CONSTRUCT RE LNS-CAVG2","CDI","RC-C","",""
"LNRECNF5","1-4 FAM CONSTRUCT RE LNS-CAVG5","CDI","RC-C","",""
"LNRECNO2","OTH CONS & LAND DEV LNS-CAVG2","CDI","RC-C","",""
"LNRECNO5","OTH CONS & LAND DEV LNS-CAVG5","CDI","RC-C","",""
"LNRECON2","RE CONSTRUCTION & LAND DEV-CAV2","CDI","RC-C","",""
"LNRECON5","RE CONSTRUCTION & LAND DEV-CAV5","CDI","RC-C","",""
"LNRECOT","OTH RE CONST LN BK ONLY - RAT","CDI","RC-C","",""
"LNREDEV","RE DEVELOPMENT LOANS","CDI","RC-C","",""
"LNREDFV","RE LOANS - DOM - FAIR VALUE","CDI","RC-C","",""
"LNREDOM2","RE LOANS-DOM-CAVG2","CDI","RC-C","",""
"LNREDOM5","RE LOANS-DOM-CAVG5","CDI","RC-C","",""
"LNREDUP","RE LOANS -DOM- UNPAID PRINCIPLE","CDI","RC-C","",""
"LNREFOR2","RE LOANS-FOR-CAVG2","CDI","RC-C","",""
"LNREFOR5","RE LOANS-FOR-CAVG5","CDI","RC-C","",""
"LNREFORW","RE LOANS-FOR","CDI","RC-C","",""
"LNREJ","RE LOANS-ADJUSTED","CDI","RC-C","",""
"LNRELOC2","RE 1-4 FAMILY-LINES-CAVG2","CDI","RC-C","",""
"LNRELOC5","RE 1-4 FAMILY-LINES-CAVG5","CDI","RC-C","",""
"LNREMUL2","RE MULTIFAMILY-CAVG2","CDI","RC-C","",""
"LNREMUL5","RE MULTIFAMILY-CAVG5","CDI","RC-C","",""
"LNRENOT","OTH NFRM NRS RE BK ONLY-RAT","CDI","RC-C","",""
"LNRENOW","OWN-OCC NF NRS RE BK ONLY-RAT","CDI","RC-C","",""
"LNRENR1","RE NONFARM NONRES-UNDER 100-$","CDI","RC-C","",""
"LNRENR1N","RE NONFARM NONRES-UNDER 100-NUM","CDI","RC-C","",""
"LNRENR2","RE NONFARM NONRES-100-250-$","CDI","RC-C","",""
"LNRENR2N","RE NONFARM NONRES-100-250-NUM","CDI","RC-C","",""
"LNRENR3","RE NONFARM NONRES-250-1M-$","CDI","RC-C","",""
"LNRENR3N","RE NONFARM NONRES-250-1M-NUM","CDI","RC-C","",""
"LNRENR4","RE NONFARM NONRES-UNDER 1M-$","CDI","RC-C","",""
"LNRENR4N","RE NONFARM NONRES-UNDER 1M-NUM","CDI","RC-C","",""
"LNRENRE2","RE NONFARM NONRESIDENTIAL CAVG2","CDI","RC-C","",""
"LNRENRE5","RE NONFARM NONRESIDENTIAL CAVG5","CDI","RC-C","",""
"LNRENRT2","OTHER NONFARM NONRES LN-CAVG2","CDI","RC-C","",""
"LNRENRT5","OTHER NONFARM NONRES LN-CAVG5","CDI","RC-C","",""
"LNRENRW2","OWNER-OCC NONFRM NONRS LN-CAVG2","CDI","RC-C","",""
"LNRENRW5","OWNER-OCC NONFRM NONRS LN-CAVG5","CDI","RC-C","",""
"LNREO","RE LNS AG PLUS RE LNS FOREIGN","CDI","RC-C","",""
"LNREOT","OTHER REAL ESTATE LOANS","CDI","RC-C","",""
"LNREOT2","RE OTHER-CAVG2","CDI","RC-C","",""
"LNREOT5","RE OTHER-CAVG5","CDI","RC-C","",""
"LNREOTH2","RE 1-4 FAMILY-OTHER LOANS-CAVG2","CDI","RC-C","",""
"LNREOTH5","RE 1-4 FAMILY-OTHER LOANS-CAVG5","CDI","RC-C","",""
"LNRERES2","RE 1-4 FAMILY-CAVG2","CDI","RC-C","",""
"LNRERES5","RE 1-4 FAMILY-CAVG5","CDI","RC-C","",""
"LNRERF22","RE 1-4 FAM-JUNIOR LIEN-CAVG2","CDI","RC-C","",""
"LNRERF25","RE 1-4 FAM-JUNIOR LIEN-CAVG5","CDI","RC-C","",""
"LNRERFM2","RE 1-4 FAM-FIRST LIEN-CAVG2","CDI","RC-C","",""
"LNRERFM5","RE 1-4 FAM-FIRST LIEN-CAVG5","CDI","RC-C","",""
"LNRERS","RE RESIDENTIAL LOANS","CDI","RC-C","",""
"LRECONS","RE CONSTRUCT LN - LOSS SHARE","CDI","RC-BAL","",""
"LRENRES","RE NONFARM NONRES LN - LOSS SH","CDI","RC-BAL","",""
"LRERES","RE 1-4 FAMILY LNS - LOSS SHARE","CDI","RC-BAL","",""
"LS2","LEASES-CAVG2","CDI","RC-C","",""
"LS5","LEASES-CAVG5","CDI","RC-C","",""
"MTGLS2","MORTGAGE INDEBTEDNESS-CAVG2","CDI","RC-BAL","",""
"MTGLS5","MORTGAGE INDEBTEDNESS-CAVG5","CDI","RC-BAL","",""
"NALCON","NONACCRUAL CONSUMER LN -LOSS SH","CDI","RC-N","",""
"NALRECON","NONACCRUAL CONSTR LN -LOSS SH","CDI","RC-N","",""
"NALRENRS","NONACCRUAL NFNR LN - LOSS SH","CDI","RC-N","",""
"NALRERES","NONACCRUAL 1-4 FM LN-LOSS SH","CDI","RC-N","",""
"NALTOT","TOTAL NONACCR LOANS - LOSS SH","CDI","RC-N","",""
"NARSCON","NONAC LN MODS TO BRWRS EXP FIN DFCLTY - CONSUMER","CDI","RC-N","",""
"NARSCONS","NONAC LN MODS TO BRWRS EXP FIN DFCLTY - CONST","CDI","RC-N","",""
"NARSLNLT","NONAC LN MODS TO BRWRS EXP FIN DFCLTY - TOTAL","CDI","RC-N","",""
"NARSNRES","NONAC LN MODS TO BRWRS EXP FIN DFCLTY - NFNR LN","CDI","RC-N","",""
"NCAGTEST","NONCURRENT AG LOAN TEST","CDI","RC-C","",""
"NCAUTO","N/C AUTO LOANS","CDI","RC-N","",""
"NCLAG","N/C AG LOANS - LOSS SHARE","CDI","RC-N","",""
"NCLAGSM","N/C AG LOAN - SM BK - LOSS SH","CDI","RC-N","",""
"NCLAUTO","N/C AUTO LOANS - LOSS SHARE","CDI","RC-N","",""
"NCLCI","N/C C&I LOANS - LOSS SH","CDI","RC-N","",""
"NCLCON","N/C CONSUMER LN -LOSS SHARE","CDI","RC-N","",""
"NCLCONOT","N/C ALL OTHER CONSUMER -LOSS SH","CDI","RC-N","",""
"NCLCRCD","N/C CREDIT CARD LN - LOSS SH","CDI","RC-N","",""
"NCLDEP","N/C DEP INST LN - LOSS SHARE","CDI","RC-N","",""
"NCLFG","N/C FOREIGN GOVT - LOSS SHARE","CDI","RC-N","",""
"NCLGTY","N/C LN PROTECT (GTY) - LOSS SH","CDI","RC-N","",""
"NCLLS","N/C LEASES - LOSS SHARE","CDI","RC-N","",""
"NCLNFV","NONCURRENT LN - FAIR VALUE","CDI","RC-N","",""
"NCLNUP","NONCURRENT LN FV - UNPAID PRIN","CDI","RC-N","",""
"NCLOT","N/C OTHER LOANS - LOSS SHARE","CDI","RC-N","",""
"NCLOTH","N/C ALL OTHER LNS - LOSS SHARE","CDI","RC-N","",""
"NCLREAG","N/C RE FARMLAND - LOSS SH","CDI","RC-N","",""
"NCLRECNF","N/C 1-4 FM CONSTR LN -LOSS SH","CDI","RC-N","",""
"NCLRECNO","N/C OTHER CONSTRUCT LN -LOSS SH","CDI","RC-N","",""
"NCLRECON","N/C CONSTRUCTION LN -LOSS SHARE","CDI","RC-N","",""
"NCLREFM1","N/C 1-4 FAMILY FIRST LN-LOSS SH","CDI","RC-N","",""
"NCLREFM2","N/C 1-4 FAMILY  JR LN - LOSS SH","CDI","RC-N","",""
"NCLREFOR","N/C RE FOREIGN - LOSS SHARE","CDI","RC-N","",""
"NCLRELOC","N/C 1-4 FAMILY LINES - LOSS SH","CDI","RC-N","",""
"NCLREMUL","N/C RE MULTIFAMILY LN - LOSS SH","CDI","RC-N","",""
"NCLRENRO","N/C OTHER NFNR LN - LOSS SHARE","CDI","RC-N","",""
"NCLRENRS","N/C NONFARM NONRES LN - LOSS SH","CDI","RC-N","",""
"NCLRENRW","N/C OWN-OCC NFNR - LOSS SHARE","CDI","RC-N","",""
"NCLRERES","N/C 1-4 FAMILY LN - LOSS SHARE","CDI","RC-N","",""
"NCLSCON","NONCURRENT CONSUMER LEASES","CDI","RC-N","",""
"NCLSOTH","NONCURRENT ALL OTHER LEASES","CDI","RC-N","",""
"NCLTOT","N/C TOTAL LOANS - LOSS SHARE","CDI","RC-N","",""
"NCORE","NONPERFORMING RE LNS & ORE","CDI","RC-N","",""
"NCRECNFM","N/C 1-4 FAMILY CONSTRUCTION LOAN","CDI","RC-N","",""
"NCRECNOT","N/C OTHER CONSTRUCT & LAND DEV","CDI","RC-N","",""
"NCRENROT","N/C OTHER NONFARM NONRES RE LN","CDI","RC-N","",""
"NCRENROW","N/C OWN-OCCUPIED NONFARM NONRES","CDI","RC-N","",""
"NCRSAG","N/C LN MODS TO BRWRS EXP FIN DFCLTY - AG LN","CDI","RC-N","",""
"NCRSAGSM","N/C LN MODS TO BRWRS EXP FIN DFCLTY - AG LN SM BK","CDI","RC-N","",""
"NCRSAUTO","N/C LN MODS TO BRWRS EXP FIN DFCLTY - AUTO","CDI","RC-N","",""
"NCRSCI","N/C LN MODS TO BRWRS EXP FIN DFCLTY - C&I","CDI","RC-N","",""
"NCRSCINU","N/C LN MODS TO BRWRS EXP FIN DFCLTY - C&I NON-US","CDI","RC-N","",""
"NCRSCIUS","N/C LN MODS TO BRWRS EXP FIN DFCLTY - C&I US","CDI","RC-N","",""
"NCRSCNFM","N/C LN MODS BRWRS EXP FIN DFCLTY - 1-4 FAM CONST","CDI","RC-N","",""
"NCRSCNOT","N/C LN MODS BRWRS EXP FIN DFCLTY - OTH CONST & LND","CDI","RC-N","",""
"NCRSCON","N/C LN MODS TO BRWRS EXP FIN DFCLTY - CONSUMER","CDI","RC-N","",""
"NCRSCONO","N/C LN MODS TO BRWRS EXP FIN DFCLTY - OTH CONSUMER","CDI","RC-N","",""
"NCRSCONS","N/C LN MODS TO BRWRS EXP FIN DFCLTY - CONST","CDI","RC-N","",""
"NCRSCRCD","N/C LN MODS TO BRWRS EXP FIN DFCLTY  - CREDIT CARD","CDI","RC-N","",""
"NCRSDEP","N/C RESTRUCTURED DEP INST","CDI","RC-N","",""
"NCRSFG","N/C RESTRUCTURED FGN GOVT","CDI","RC-N","",""
"NCRSLNFM","N/C LN MODS TO BRWRS EXP FIN DFCLTY - 1-4 FAM","CDI","RC-N","",""
"NCRSLNLT","N/C LN MODS TO BRWRS EXP FIN DFCLTY - TOTAL","CDI","RC-N","",""
"NCRSMULT","N/C LN MODS TO BRWRS EXP FIN DFCLTY - MULTI-FAM","CDI","RC-N","",""
"NCRSNRES","N/C LN MODS TO BRWRS EXP FIN DFCLTY - NFNR LN","CDI","RC-N","",""
"NCRSNROT","N/C LN MODS TO BRWRS EXP FIN DFCLTY - OTHER NFNR","CDI","RC-N","",""
"NCRSNROW","N/C LN MODS TO BRWRS EXP FIN DFCLTY - NFNR OWN-OCC","CDI","RC-N","",""
"NCRSOT","N/C RESTRUCTURED OTHER LN","CDI","RC-N","",""
"NCRSOTH","N/C LN MODS TO BRWRS EXP FIN DFCLTY - ALL OTHER LN","CDI","RC-N","",""
"NCRSREAG","N/C LN MODS TO BRWRS EXP FIN DFCLTY - RE FARM","CDI","RC-N","",""
"NCRSREFN","N/C RESTRUCTURED RE FOREIGN","CDI","RC-N","",""
"NETIBXQA","NET INC BEF TAXES-BANK-QTR-ANN","CDI","RI-INC","",""
"NETIMINA","NET INC - ATTRIB MINOR INT- ANN","CDI","RI-INC","",""
"NETIMINQ","NET INC - ATTRIB MINOR INT- QTR","CDI","RI-INC","",""
"NETINBMA","NET INC - BANK & MINOR INT- ANN","CDI","RI-INC","",""
"NETINBMQ","NET INC - BANK & MINOR INT- QTR","CDI","RI-INC","",""
"NETINBXA","NET INC BEF TAXES- BANK- ANN","CDI","RI-INC","",""
"NETINCA","NET INCOME- BANK- ANN","CDI","RI-INC","",""
"NETINCCP","NET INCOME - BANK - CP","CDI","RI-INC","",""
"NETINCFQ","NET INCOME-FOR-QTR","CDI","RI-INC","",""
"NETINCPP","NET INCOME - BANK - PP","CDI","RI-INC","",""
"NETINCQ","NET INCOME - BANK - QTR","CDI","RI-INC","",""
"NETINCQA","NET INCOME- BANK- QTR- ANN","CDI","RI-INC","",""
"NETINFOQ","NET INCOME-FGN OFF-QTR","CDI","RI-INC","",""
"NETINQCP","NET INCOME- BANK- QTR- CP","CDI","RI-INC","",""
"NETINQPP","NET INCOME- BANK- QTR-PP","CDI","RI-INC","",""
"NETNIXA","NET NONINTEREST EXPENSE-ANN","CDI","RI-INC","",""
"NETNIXQ","NET NONINTEREST EXPENSE-QTR","CDI","RI-INC","",""
"NETNIXQA","NET NONINTEREST EXP-QTR-ANN","CDI","RI-INC","",""
"NIMA","NET INTEREST INCOME-ANN","CDI","RI-INC","",""
"NIMCP","NET INTEREST INCOME-CP","CDI","RI-INC","",""
"NIMFO","NET INTEREST INCOME - FGN OFF","CDI","RI-INC","",""
"NIMPP","NET INTEREST INCOME-PP","CDI","RI-INC","",""
"NIMQ","NET INTEREST INCOME-QTR","CDI","RI-INC","",""
"NIMQA","NET INTEREST INCOME-QTR-ANN","CDI","RI-INC","",""
"NIMQCP","NET INTEREST INCOME-QTR-CP","CDI","RI-INC","",""
"NIMQPP","NET INTEREST INCOME-QTR-PP","CDI","RI-INC","",""
"NOI","NET OPERATING INCOME","CDI","RI-INC","",""
"NOIA","NET OPERATING INCOME-ANN","CDI","RI-INC","",""
"NOIJ","NET OPERATING INCOME-ADJ","CDI","RI-INC","",""
"NOIJA","NET OPERATING INCOME-ADJ-ANN","CDI","RI-INC","",""
"NOIJQ","NET OPERATING INCOME-ADJ-QTR","CDI","RI-INC","",""
"NOIJQA","NET OPERATING INCOME-ADJ-QTR-ANN","CDI","RI-INC","",""
"NOIPREX","NET OPER INC BEFORE DISC OPR","CDI","RI-INC","",""
"NOIPREXA","NET OPER INC BEFOR DISC OPR-ANN","CDI","RI-INC","",""
"NOIPREXQ","NET OPER INC BEFOR DISC OPR-QTR","CDI","RI-INC","",""
"NOIQ","NET OPERATING INCOME-QTR","CDI","RI-INC","",""
"NOIQA","NET OPERATING INCOME-QTR-ANN","CDI","RI-INC","",""
"NONIIA","TOTAL NONINTEREST INCOME-ANN","CDI","RI-INC","",""
"NONIIFO","NONINTEREST INCOME - FGN OFF","CDI","RI-INC","",""
"NONIIOA","ALL OTHER NONINT INC-QBP-ANN","CDI","RI-INC","",""
"NONIIOQ","ALL OTHER NONINT INC-QBP-QTR","CDI","RI-INC","",""
"NONIIQ","TOTAL NONINTEREST INCOME-QTR","CDI","RI-INC","",""
"NONIIQA","TOTAL NONINTEREST INCOME-QTR-ANN","CDI","RI-INC","",""
"NONIXA","TOTAL NONINTEREST EXPENSE-ANN","CDI","RI-INC","",""
"NONIXQ","TOTAL NONINTEREST EXPENSE-QTR","CDI","RI-INC","",""
"NONIXQA","TOTAL NONINTEREST EXP-QTR-ANN","CDI","RI-INC","",""
"NPERF","NONPERFORMING ASSETS","CDI","RC-N","",""
"NPERFCP","NONPERFORMING ASSETS-CP","CDI","RC-N","",""
"NPERFPP","NONPERFORMING ASSETS-PP","CDI","RC-N","",""
"NTAGA","AGRICULTURAL LN NET-CHG-ANN","CDI","RI-B","",""
"NTAGQ","AG LOAN NET CHARGE-OFFS-QTR","CDI","RI-B","",""
"NTAGQA","AG LOAN NET CHARGE-OFFS-QTR-ANN","CDI","RI-B","",""
"NTAGSMA","AG LN NET CHARGE-OFFS ANN*SM BKS","CDI","RI-B","",""
"NTAGSMQ","AG LOAN NET-CHG-QTR*SMALL BKS","CDI","RI-B","",""
"NTAGSMQA","AG LOAN NET-CHG-QTR-ANN*SMALL BK","CDI","RI-B","",""
"NTAUTO","AUTO LOANS - NET CHARGE-OFFS","CDI","RI-B","",""
"NTAUTOA","AUTO LNS - NET CHG-OFFS - ANN","CDI","RI-B","",""
"NTAUTOQ","AUTO LNS - NET CHG-OFFS - QTR","CDI","RI-B","",""
"NTAUTOQA","AUTO LN - NET CHG-OFF- QTR- ANN","CDI","RI-B","",""
"NTCIA","COMMERCIAL LOAN NET-CHG-ANN","CDI","RI-B","",""
"NTCINUSQ","NON-U.S. COM LN NET CHG-OFF-QTR","CDI","RI-B","",""
"NTCIQ","COMMERCIAL LOAN NET-CHG-QTR","CDI","RI-B","",""
"NTCIQA","COMMERCIAL LOAN NET-CHG-QTR-ANN","CDI","RI-B","",""
"NTCOMREA","COMMERCIAL RE LN NET-CHG-ANN","CDI","RI-B","",""
"NTCOMREQ","COMMERCIAL RE LN NET-CHG-QTR","CDI","RI-B","",""
"NTCOMRQA","COMML RE NET-CHARGE-OFF-QTR-ANN","CDI","RI-B","",""
"NTCONA","CONSUMER LOAN NET-CHG-ANN","CDI","RI-B","",""
"NTCONOTA","OTHER CONSUMER LOAN NET-CHG-ANN","CDI","RI-B","",""
"NTCONOTQ","OTHER CONSUMER LN NET-CHG-QTR","CDI","RI-B","",""
"NTCONQ","CONSUMER LOAN NET-CHG-QTR","CDI","RI-B","",""
"NTCONQA","CONSUMER LN NET-CHG-QTR-ANN","CDI","RI-B","",""
"NTCONTQA","OTH CONSUMER LN NET-CHG-QTR-ANN","CDI","RI-B","",""
"NTCRCDA","CREDIT CARD LOAN NET-CHG-ANN","CDI","RI-B","",""
"NTCRCDQ","CREDIT CARD LN NET-CHG-QTR","CDI","RI-B","",""
"NTCRCDQA","CREDIT CARD LN NET-CHG-QTR-ANN","CDI","RI-B","",""
"NTDEPNUQ","FGN DEP INST LN NET CHG-OFF-QTR","CDI","RI-B","",""
"NTDEPQ","DEPOSITORY INST LOAN NET-CHG-QTR","CDI","RI-B","",""
"NTDEPQA","DEP INST LOAN NET-CHG-QTR-ANN","CDI","RI-B","",""
"NTFORGQA","FOREIGN GOVT LN NET-CHG-QTR-ANN","CDI","RI-B","",""
"NTFORGVQ","FOREIGN GOV LN NET-CHG-QTR","CDI","RI-B","",""
"NTGLAST","NET G/L ON OTHER ASSETS","CDI","RI-INC","",""
"NTGLFXAA","NET G/L ON SALES OF OTH ASST","CDI","RI-INC","",""
"NTGLFXAQ","NET G/L SALES OF OTHER ASST","CDI","RI-INC","",""
"NTGLLN","NET G/L ON LOAN SALES","CDI","RI-INC","",""
"NTGLLNA","NET G/L ON SALES OF LOANS-ANN","CDI","RI-INC","",""
"NTGLLNQ","NET G/L ON SALES OF LOANS-QTR","CDI","RI-INC","",""
"NTGLRE","NET G/L ON ORE","CDI","RI-INC","",""
"NTGLREA","NET G/L ON ORE OWNED-ANN","CDI","RI-INC","",""
"NTGLREQ","NET G/L ON ORE OWNED-QTR","CDI","RI-INC","",""
"NTINCHPP","NET INCOME-BK-HIGHER-PP, COUNT","CDI","RI-INC","",""
"NTINCHQ","NET INCOME-BK-HIGHER-QTR, COUNT","CDI","RI-INC","",""
"NTINCL","NET INCOME-BANK- LOSERS, COUNT","CDI","RI-INC","",""
"NTINCLPP","NET INCOME-BK-LOSERS-PP, COUNT","CDI","RI-INC","",""
"NTINCLQ","NET INCOME-BK-LOSER-QTR, COUNT","CDI","RI-INC","",""
"NTINQHPP","NET INC BK-QTR-HIGHER-PP, COUNT","CDI","RI-INC","",""
"NTIRT","RETAINED EARNINGS - BANK","CDI","RI-A","",""
"NTIRTA","RETAINED EARNINGS- BANK- ANN","CDI","RI-A","",""
"NTIRTQ","RETAINED EARNINGS- BANK- QTR","CDI","RI-A","",""
"NTLNLQCP","TOTAL LN&LS NET-CHG-QTR-CP","CDI","RI-B","",""
"NTLNLQPP","TOTAL LN&LS NET-CHG-QTR-PP","CDI","RI-B","",""
"NTLNLSA","TOTAL LN&LS NET-CHG-ANN","CDI","RI-B","",""
"NTLNLSCP","TOTAL LN&LS NET-CHG-CP","CDI","RI-B","",""
"NTLNLSPP","TOTAL LN&LS NET-CHG-PP","CDI","RI-B","",""
"NTLNLSPY","TOTAL LN&LS NET-CHG-PRIOR-YR END","CDI","RI-B","",""
"NTLNLSQ","LN&LS NET-CHARGE-OFFS-QTR","CDI","RI-B","",""
"NTLNLSQA","TOTAL LN&LS NET-CHG-QTR-ANN","CDI","RI-B","",""
"NTLOSFAQ","NET LOSSES ON SALE OF FX AST-QTR","CDI","RI-INC","",""
"NTLOSLNQ","NET LOSSES ON SALE OF LOANS-QTR","CDI","RI-INC","",""
"NTLOSREQ","NET LOSSES ON OTHER RE OWNED-QTR","CDI","RI-INC","",""
"NTLSA","LEASE NET-CHG-ANN","CDI","RI-B","",""
"NTLSCON","CONSUMER LEASE NET CHG-OFFS","CDI","RI-B","",""
"NTLSCONA","CONSUMER LEASE NET CHG-OFF ANN","CDI","RI-B","",""
"NTLSCONQ","CONSUMER LEASE NET CHG-OFF-QTR","CDI","RI-B","",""
"NTLSNUSQ","NON-U.S. LEASE NET CHG-OFF-QTR","CDI","RI-B","",""
"NTLSOTH","ALL OTHER LEASES NET CHG-OFFS","CDI","RI-B","",""
"NTLSOTHA","ALL OTHER LEASE NET CHG-OFF ANN","CDI","RI-B","",""
"NTLSOTHQ","ALL OTHER LEASES NET CHG-OFF-QTR","CDI","RI-B","",""
"NTLSQ","LEASE NET CHARGE-OFFS-QTR","CDI","RI-B","",""
"NTLSQA","LEASE NET-CHARGE-OFFS-QTR-ANN","CDI","RI-B","",""
"NTOFFBQA","OFF-BAL SHEET NET C/O-QTR-ANN","CDI","RI-B","",""
"NTOFFBS","TOTAL OFF-BAL SHEET NET CHG-OFFS","CDI","RI-B","",""
"NTOFFBSA","TOTAL OFF-BAL NET CHG-OFFS-ANN","CDI","RI-B","",""
"NTOFFBSQ","OFF-BAL SHEET NET CHG-OFF-QTR","CDI","RI-B","",""
"NTOTHA","ALL OTHER LOAN NET-CHG-ANN","CDI","RI-B","",""
"NTOTHQ","ALL OTHER LN NET-CHG-QTR","CDI","RI-B","",""
"NTOTHQA","ALL OTHER LN NET-CHG-QTR-ANN","CDI","RI-B","",""
"NTOTHTM2","TIME DEP-OTHER-CAVG2","CDI","RC-E","",""
"NTOTHTM5","TIME DEP-OTHER-CAVG5","CDI","RC-E","",""
"NTR2","NONTRANSACTION-TOTAL-CAVG2","CDI","RC-E","",""
"NTR5","NONTRANSACTION-TOTAL-CAVG5","CDI","RC-E","",""
"NTRCDLG2","TIME CDS OVER $100M-CAVG2","CDI","RC-E","",""
"NTRCDLG5","TIME CDS OVER $100M-CAVG5","CDI","RC-E","",""
"NTRCDSMJ","TIME DEP LT OR EQ TO INS LIMIT","CDI","RC-E","",""
"NTREA","RE LOANS NET-CHG-ANN","CDI","RI-B","",""
"NTREAGA","FARMLAND RE LN NET-CHG-ANN","CDI","RI-B","",""
"NTREAGQ","FARMLAND RE LN NET-CHG-QTR","CDI","RI-B","",""
"NTREAGQA","FARM RE LN NET CHRG-OFF-QTR-ANN","CDI","RI-B","",""
"NTREAOQA","OTHER RE LOANS NET-CHG-QTR-ANN","CDI","RI-B","",""
"NTREAOT","OTHER RE LOANS NET-CHG","CDI","RI-B","",""
"NTREAOTQ","OTHER RE LOANS NET-CHG-QTR","CDI","RI-B","",""
"NTRECFQA","1-4 FM CONST LN NET CHG-QTR-ANN","CDI","RI-B","",""
"NTRECNFA","1-4 FAM CONST LN NET CHG-OFF-ANN","CDI","RI-B","",""
"NTRECNFM","1-4 FAM CONST LN NET-OFF","CDI","RI-B","",""
"NTRECNFQ","1-4 FAM CONST LN NET CHG-OFF-QTR","CDI","RI-B","",""
"NTRECNOA","OTHER CONSTRUCT NET CHG-OFF-ANN","CDI","RI-B","",""
"NTRECNOQ","OTHER CONSTRUCT NET CHG-OFF-QTR","CDI","RI-B","",""
"NTRECNOT","OTHER CONSTRUCT NET CHG-OFF","CDI","RI-B","",""
"NTRECONQ","CONSTRUCTION RE LN NET-CHG-QTR","CDI","RI-B","",""
"NTRECOQA","CONSTRUCT RE LN NET-CHG-QTR-ANN","CDI","RI-B","",""
"NTRECOSA","CONSTRUCTION RE LN NET-CHG-ANN","CDI","RI-B","",""
"NTRECTQA","OTHER CONST LN NET CHG-QTR-ANN","CDI","RI-B","",""
"NTREFOR","REAL ESTATE LN NET CHG-OFF-FOR","CDI","RI-B","",""
"NTREFORA","REAL EST LN NET CHG-OFF-ANN","CDI","RI-B","",""
"NTREFORQ","REAL EST LN NET CHG-OFF-QTR","CDI","RI-B","",""
"NTREFQA","RE LOAN NET CHG-OFF-FOR-QTR-ANN","CDI","RI-B","",""
"NTRELCQA","LINE OF CR RE NET-CHG-QTR-ANN","CDI","RI-B","",""
"NTRELOCA","LINE OF CREDIT RE LN NET-CHG-ANN","CDI","RI-B","",""
"NTRELOCQ","LINE OF CREDIT RE LN NET-CHG-QTR","CDI","RI-B","",""
"NTREMULA","MULTIFAMILY RES RE LN NET-CHG-AN","CDI","RI-B","",""
"NTREMULQ","MULTIFAMILY RE LN NET-CHG-QTR","CDI","RI-B","",""
"NTREMUQA","MULTIFAM RE LN NET-CHG-QTR-ANN","CDI","RI-B","",""
"NTRENOTA","OTH NONFRM NONRS NET CHGOFF-ANN","CDI","RI-B","",""
"NTRENOTQ","OTH NONFRM NONRS NET CHGOFF-QTR","CDI","RI-B","",""
"NTRENOWA","OWN OCC NONFRM NONRS NET CHG-ANN","CDI","RI-B","",""
"NTRENOWQ","OWN OCC NONFRM NONRS NET CHG-QTR","CDI","RI-B","",""
"NTRENROT","OTHER NONFARM NONRS NET CHG-OFF","CDI","RI-B","",""
"NTRENROW","OWN OCC NONFRM NONRS NET CHG-OFF","CDI","RI-B","",""
"NTRENRQA","NONFARM NONRES NET-CHRG-QTR-ANN","CDI","RI-B","",""
"NTRENRSA","NONFARM NONRES RE LN NET-CHG-ANN","CDI","RI-B","",""
"NTRENRSQ","NONFARM NONRES RE LN NET-CHG-QTR","CDI","RI-B","",""
"NTRENTQA","OTH NONFRM NONR NT CHG-QTR-ANN","CDI","RI-B","",""
"NTRENUSQ","NON-U.S. RE LN NET CHG-OFFS-QTR","CDI","RI-B","",""
"NTRENWQA","OWN-OCC NONFRM NONR NT CH-QTR-ANN","CDI","RI-B","",""
"NTREOQA","RE LOANS OTHER NET-CHG-QTR-ANN","CDI","RI-B","",""
"NTREOTHA","1-4 FAM RE OTHER LN NET-CHG-ANN","CDI","RI-B","",""
"NTREOTHQ","RESIDENTIAL RE LN NET-CHG-QTR","CDI","RI-B","",""
"NTREOTQ","RE LOANS-OTHER NET-CHG-QTR","CDI","RI-B","",""
"NTREOTQA","RESIDENTIAL RE NET-CHRG-QTR-ANN","CDI","RI-B","",""
"NTREQ","RE LOANS NET-CHG-QTR","CDI","RI-B","",""
"NTREQA","RE LOANS NET-CHG-QTR-ANN","CDI","RI-B","",""
"NTRER2QA","RE 1-4 FM JR LIEN NT CHG-QTR-ANN","CDI","RI-B","",""
"NTREREQA","RE LOAN 1-4 FAM NET-CHG-QTR-ANN","CDI","RI-B","",""
"NTRERESA","RE LOANS 1-4 FAMILY NET-CHG-ANN","CDI","RI-B","",""
"NTRERESQ","RE LOANS 1-4 FAMILY NET-CHG-QTR","CDI","RI-B","",""
"NTRERFQA","RE 1-4FM IST LIEN-NT CHG-QTR-ANN","CDI","RI-B","",""
"NTRERS2A","RE LN 1-4FAM JR LIEN NT CHG-ANN","CDI","RI-B","",""
"NTRERS2Q","RE LN 1-4FAM JR LIEN NET CHG-QTR","CDI","RI-B","",""
"NTRERSFA","RE LN 1-4FM 1ST LIEN NT CHG-ANN","CDI","RI-B","",""
"NTRERSFQ","RE LN 1-4FM IST LIEN NT CHG-QTR","CDI","RI-B","",""
"NTRSMMD2","MMDA-CAVG2","CDI","RC-E","",""
"NTRSMMD5","MMDA-CAVG5","CDI","RC-E","",""
"NTRSOTH2","SAVINGS DEP-OTHER-CAVG2","CDI","RC-E","",""
"NTRSOTH5","SAVINGS DEP-OTHER-CAVG5","CDI","RC-E","",""
"NTRTMLG2","TIME DEPOSITS OVER $100M-CAVG2","CDI","RC-E","",""
"NTRTMLG5","TIME DEPOSITS OVER $100M-CAVG5","CDI","RC-E","",""
"NTSCAFSQ","TOT DBT SEC-AFS-NET CHG-OFF-QTR","CDI","RI-B","",""
"NTSCHTMQ","TOT DBT SEC-HTM-NET CHG-OFF-QTR","CDI","RI-B","",""
"NTTOTA","TOT LOAN & LSE LOSS NET C/O-ANN","CDI","RI-B","",""
"NTTOTQ","LOAN & LSE LOSS NET CHG-OFF-QTR","CDI","RI-B","",""
"NTTOTQA","LOAN & LSE LOSS NET C/O-QTR-ANN","CDI","RI-B","",""
"OA2","OTHER ASSETS-CAVG2","CDI","RC-BAL","",""
"OA5","OTHER ASSETS-CAVG5","CDI","RC-BAL","",""
"OAKGRW","AADA DEPOSIT GROWTH RATE-QTR","CDI","RC-O","",""
"OAKPRM","AADA DEPOSIT GROWTH RATE-QTR","CDI","RC-O","",""
"OASSET","ALL OTHER ASSETS-QBP","CDI","RC-BAL","",""
"OASSET2","ALL OTHER ASSETS-QBP-CAVG2","CDI","RC-BAL","",""
"OASSET5","ALL OTHER ASSETS-QBP-CAVG5","CDI","RC-BAL","",""
"OBOR","OTHER BORROWED FUNDS","CDI","RC-BAL","",""
"OBOR2","OTHER BORROWED FUNDS-CAVG2","CDI","RC-BAL","",""
"OBOR5","OTHER BORROWED FUNDS-CAVG5","CDI","RC-BAL","",""
"OBSDIIQ","DERIVATIVES INCOME-INCREASE-QTR","CDI","RI-INC","",""
"OBSDIR","OFF-BALANCE SHEET DERIVATIVES","CDI","RC-L","",""
"OBSDIXQ","DERIVATIVES INT. EXPENSE INC QTR","CDI","RI-INC","",""
"OBSDNIIQ","DERIVATIVES NON-INT.-INCR-QTR","CDI","RI-INC","",""
"OFFBSRES","ALLOWANCE FOR OFF-BS CR LOSSES","CDI","RC-BAL","",""
"OL2","OTHER LIABILITIES-CAVG2","CDI","RC-BAL","",""
"OL5","OTHER LIABILITIES-CAVG5","CDI","RC-BAL","",""
"OLIAB","ALL OTHER LIABILITIES-QBP","CDI","RC-BAL","",""
"OLIAB2","ALL OTHER LIABILITIES-QBP-CAVG2","CDI","RC-BAL","",""
"OLIAB5","ALL OTHER LIABILITIES-QBP-CAVG5","CDI","RC-BAL","",""
"OLINTLNW","INTEREST ACCRUED AND UNPAID","CDI","RC-O","",""
"ORE2","OTHER REAL ESTATE OWNED-CAVG2","CDI","RC-BAL","",""
"ORE5","OTHER REAL ESTATE OWNED-CAVG5","CDI","RC-BAL","",""
"OTBM1LES","OTH BOR MONEY MAT/REP-1 YR LESS","CDI","RC-BAL","",""
"OTBM1T3","OTH BOR MONEY MAT/REP-1 TO 3 YR","CDI","RC-BAL","",""
"OTBM3T5","OTH BOR MONEY MAT/REP-3 TO 5 YR","CDI","RC-BAL","",""
"OTBMOV5","OTH BOR MONEY MAT/REP-OVER 5 YR","CDI","RC-BAL","",""
"OTHBOR2","OTHER BORROWED MONEY-CAVG2","CDI","RC-BAL","",""
"OTHBOR5","OTHER BORROWED MONEY-CAVG5","CDI","RC-BAL","",""
"OWNLNTOT","LN. SECURE HELD IN LN - TOT","CDI","RC-S","",""
"OWNSCTOT","SEC. SECURE HELD IN RC-B - TOT","CDI","RC-S","",""
"P3LCON","30-89 D P/D CONSUMER -LOSS SH","CDI","RC-N","",""
"P3LRECON","30-89 P/D CONSTRUCTION -LOSS SH","CDI","RC-N","",""
"P3LRENRS","30-89 P/D NONFRM NONRS -LOSS SH","CDI","RC-N","",""
"P3LRERES","30-89 D P/D 1-4 FAMILY -LOSS SH","CDI","RC-N","",""
"P3LTOT","30-89 D P/D TOTAL LOANS-LOSS SH","CDI","RC-N","",""
"P3RSCON","30-89 P/D LN MODS BRWRS EXP FIN DFCLTY - CONSUMER","CDI","RC-N","",""
"P3RSCONS","30-89 P/D LN MODS TO BRWRS EXP FIN DFCLTY - CONST","CDI","RC-N","",""
"P3RSLNLT","30-89 DAY P/D LN MODS BRWRS EXP FIN DFCLTY - TOTAL","CDI","RC-N","",""
"P3RSNRES","30-89 P/D LN MODS BRWRS EXP FIN DFCLTY - NFNR LN","CDI","RC-N","",""
"P9LCON","90+ D P/D CONSUMER LN - LOSS SH","CDI","RC-N","",""
"P9LRECON","90+ D P/D CONSTRUCTION -LOSS SH","CDI","RC-N","",""
"P9LRENRS","90+ D P/D NFNR - LOSS SHARE","CDI","RC-N","",""
"P9LRERES","90+ D P/D 1-4 FAMILY - LOSS SH","CDI","RC-N","",""
"P9LTOT","90+ D P/D TOTAL LOANS - LOSS SH","CDI","RC-N","",""
"P9RSCON","90+ P/D LN MODS BRWRS EXP FIN DFCLTY - CONSUMER","CDI","RC-N","",""
"P9RSCONS","90+ D P/D LN MODS TO BRWRS EXP FIN DFCLTY - CONST","CDI","RC-N","",""
"P9RSLNLT","90+ P/D LN MODS TO BRWRS EXP FIN DFCLTY - TOTAL","CDI","RC-N","",""
"P9RSNRES","90+ P/D LN MODS BRWRS EXP FIN DFCLTY - NFNR LN","CDI","RC-N","",""
"PREMTSW","UNAMORT PREM ON T&S DEPOSITS","CDI","RC-O","",""
"RBC","RBC-TOTAL-PCA","CDI","RC-R","",""
"RBCEQTAN","TANGIBLE EQUITY CAPITAL-PCA","CDI","RC-R","",""
"RBCLIMLF","RBC-OTHER LIMITED LIFE CAPITAL","CDI","RC-R","",""
"RBCLNREP","RBC-LIMITED ACL-RBP","CDI","RC-R","",""
"RBCLNRES","RBC-LIMITED ACL-PCA","CDI","RC-R","",""
"RBCP","RBC-TOTAL-RBP","CDI","RC-R","",""
"RBCSUBD","RBC-LIMITED SUB DEBT-PCA","CDI","RC-R","",""
"RBCSUBDP","RBC-LIMITED SUB DEBT-RBP","CDI","RC-R","",""
"RBCT","SCHEDULE RC-R AVAILABILITY TEST","CDI","RC-R","",""
"RBCT1","TIER 1 RBC-PCA","CDI","RC-R","",""
"RBCT1GR","TIER 1 RBC-GROSS","CDI","RC-R","",""
"RBCT1J","TIER 1 RBC ADJUSTED LLR - PCA","CDI","RC-R","",""
"RBCT1P","TIER 1 RBC-RBP","CDI","RC-R","",""
"RBCT1PJ","TIER 1 RBC ADJUSTED LLR - RBP","CDI","RC-R","",""
"RBCT2","RBC-TIER2-PCA","CDI","RC-R","",""
"RBCT2P","RBC-TIER2-RBP","CDI","RC-R","",""
"RBCUNEQG","45 % UNREAL GAIN ON EQUITY SEC","CDI","RC-R","",""
"RESPTDDW","RESERVE PAST THRU BAL-DEMAND DEP","CDI","RC-O","",""
"RESPTTSW","RESERVE PAST THRU BAL-TIME&SAV","CDI","RC-O","",""
"RSCONS","LN MODS TO BRWRS EXP FIN DFCLTY  - CONST","CDI","RC-C","",""
"RSLNLTOT","LN MODS TO BRWRS EXP FIN DFCLTY - TOTAL","CDI","RC-C","",""
"RSNRES","LN MODS TO BRWRS EXP FIN DFCLTY - NONFARM NONRES","CDI","RC-C","",""
"RT","INTEREST RATE-TOTAL CONTRACTS","CDI","RC-L","",""
"RWA","RISK-WEIGHTED ASSETS","CDI","RC-R","",""
"RWAGR","RWA-GROSS-PCA","CDI","RC-R","",""
"RWAGRP","RWA-GROSS-RBP","CDI","RC-R","",""
"RWAJ","RWA-ADJUST-PCA-T1 & CET1 RATIO","CDI","RC-R","",""
"RWAJP","RWA-ADJUST - T1 & CET1 RATIO","CDI","RC-R","",""
"RWAJPT","RWA-ADJUSTED-RBP-TOTAL RBC RATIO","CDI","RC-R","",""
"RWAJT","RWA-ADJUSTED-PCA-TOTAL RBC RAT","CDI","RC-R","",""
"RWAOF11","RWA-100%~100% RISK ~ CONVERSION","CDI","RC-R","",""
"RWAOF12","RWA-100%~20% RISK ~ CONVERSION","CDI","RC-R","",""
"RWAOF15","RWA-100%~50% RISK ~ CONVERSION","CDI","RC-R","",""
"RWAOF21","RWA-20%~100% RISK ~ CONVERSION","CDI","RC-R","",""
"RWAOF25","RWA-20%~50% RISK ~ CONVERSION","CDI","RC-R","",""
"RWAOF51","RWA-50%~100% RISK ~ CONVERSION","CDI","RC-R","",""
"RWARW0","RWA-0% RISK WEIGHT","CDI","RC-R","",""
"RWARW100","RWA-100% RISK WEIGHT","CDI","RC-R","",""
"RWARW20","RWA-20% RISK WEIGHT","CDI","RC-R","",""
"RWARW50","RWA-50% RISK WEIGHT","CDI","RC-R","",""
"SC1LES","DEBT SECURITIES LT 1 YEAR","CDI","RC-BAL","",""
"SC2","SECURITIES-CAVG2","CDI","RC-BAL","",""
"SC5","SECURITIES-CAVG5","CDI","RC-BAL","",""
"SCCMMB","COMMERCIAL MBS - TOTAL","CDI","RC-B","",""
"SCCMOG","OTHER COMMERCIAL MBS-GOVT","CDI","RC-B","",""
"SCCMOP","OTHER COMM MBS- PVT","CDI","RC-B","",""
"SCCMOT","OTHER COMMERCIAL MBS","CDI","RC-B","",""
"SCCMPT","COMMERCIAL MBS PASS-THROUGH","CDI","RC-B","",""
"SCCMPTP","COMM MBS PASS-THRU-PVT","CDI","RC-B","",""
"SCCPTG","COMM MBS PASS-THRU-GOVT","CDI","RC-B","",""
"SCDOMO2","OTHER DOMESTIC DEBT-CAVG2","CDI","RC-B","",""
"SCDOMO5","OTHER DOMESTIC DEBT-CAVG5","CDI","RC-B","",""
"SCEQ2","EQUITY SECURITIES-CAVG2","CDI","RC-B","",""
"SCEQ5","EQUITY SECURITIES-CAVG5","CDI","RC-B","",""
"SCFORD2","FOREIGN DEBT SECURITIES-CAVG2","CDI","RC-B","",""
"SCFORD5","FOREIGN DEBT SECURITIES-CAVG5","CDI","RC-B","",""
"SCLNCRC2","SECURITIZED CR CD LNS SOLD-CAVG2","CDI","RC-L","",""
"SCLNCRC5","SECURITIZED CR CD LNS SOLD-CAVG5","CDI","RC-L","",""
"SCMESTA","SECURITIES APP(DEP)-RBC","CDI","RC-R","",""
"SCMESTB","UNREAL LOSS ON EQUITY SECURITIES","CDI","RC-R","",""
"SCMTGBK","MORTGAGE BACKED SECURITIES","CDI","RC-BAL","",""
"SCMUNI2","MUNICIPAL SECURITIES-CAVG2","CDI","RC-B","",""
"SCMUNI5","MUNICIPAL SECURITIES-CAVG5","CDI","RC-B","",""
"SCMUNIT2","TAXABLE MUNI SECURITIES-CAVG2","CDI","RC-B","",""
"SCMUNIT5","TAXABLE MUNI SECURITIES-CAVG5","CDI","RC-B","",""
"SCOVR1","INVESTMENT SECURITIES GT 1 YEAR","CDI","RC-BAL","",""
"SCSFP","STRUCTURED FIN PROD - TOTAL","CDI","RC-B","",""
"SCSFPC","STRUCTURED FINANCIAL PROD-CASH","CDI","RC-B","",""
"SCSFPH","STRUCTURED FIN PROD - HYBRID","CDI","RC-B","",""
"SCSFPS","STRUCTURED FIN PROD -SYNTHETIC","CDI","RC-B","",""
"SCUSAG","U.S. TREASURY & AGENCY","CDI","RC-B","",""
"SCUSAG2","U.S. TREASURY & AGENCY-CAVG2","CDI","RC-B","",""
"SCUSAG5","U.S. TREASURY & AGENCY-CAVG5","CDI","RC-B","",""
"SUBLLPF2","SUB DEBT & L/L PREFERRED-CAVG2","CDI","RC-BAL","",""
"SUBLLPF5","SUB DEBT & L/L PREFERRED-CAVG5","CDI","RC-BAL","",""
"SUBND2","SUBORDINATED NOTES & DEBT-CAVG2","CDI","RC-BAL","",""
"SUBND5","SUBORDINATED NOTES & DEBT-CAVG5","CDI","RC-BAL","",""
"SZLNTOT","ASSETS SEC SOLD-TOTAL","CDI","RC-S","",""
"TAXMAR","APPLICABLE INCOME TAXES-RATE","CDI","RI-INC","",""
"TAXRAW","APPLICABLE INCOME TAXES-RAW","CDI","RI-INC","",""
"TEMPINV","TEMPORARY INVESTMENTS","CDI","RC-BAL","",""
"TQL10","QTL 10% QUALIFIED ASSETS","CDI","RC-C","",""
"TQL100","QTL 100% QUALIFIED ASSETS","CDI","RC-C","",""
"TQL20","QTL 20% QUALIFIED ASSETS","CDI","RC-C","",""
"TQLASSET","QTL ADJUSTED ASSETS","CDI","RC-C","",""
"TQLCONS","QTL RE CONSTRUCTION LOANS","CDI","RC-C","",""
"TQLLIQ","QTL LIQUID ASSETS","CDI","RC-C","",""
"TQLSCOTH","QTL OTHER SECURITIES","CDI","RC-C","",""
"TQLSCUS","QTL U.S. SECURITIES","CDI","RC-C","",""
"TRADE2","TRADING ACCOUNTS-CAVG2","CDI","RC-BAL","",""
"TRADE5","TRADING ACCOUNTS-CAVG5","CDI","RC-BAL","",""
"TRLNCNDU","TRADE - CONS LN- DM- UNPD PRIN","CDI","RC-D","",""
"TRLNCON","TRADE - CONSUMER LOANS","CDI","RC-D","",""
"TRLNCOND","TRADE - CONSUMER LOANS - DOM","CDI","RC-D","",""
"TRLNCONU","TRADE - CONS LNS - UNPD PRIN","CDI","RC-D","",""
"TRLNRED","TRADE - RE LN - DOM","CDI","RC-D","",""
"TRLNREDU","TRADE - RE LN - DM- UNPAID PRIN","CDI","RC-D","",""
"TRN2","TRANSACTION-TOTAL-CAVG2","CDI","RC-E","",""
"TRN5","TRANSACTION-TOTAL-CAVG5","CDI","RC-E","",""
"TRSCABS","TRADE - ASSET-BACKED SECURITIES","CDI","RC-D","",""
"TRSCCDO","TRADE - COLLATERAL DEBT OBLIG","CDI","RC-D","",""
"TRSCEQ","TRADE - EQUITY SECURITIES","CDI","RC-D","",""
"TRSCMTGB","TRADE - MORTGAGE-BACKED SEC","CDI","RC-D","",""
"TRSCUSAY","TRADE - U.S. AGY & CORP OBLIG","CDI","RC-D","",""
"TSELIM","TIME & SAVINGS DEP ELIMINATIONS","CDI","RC-O","",""
"TSGR","TIME & SAVINGS DEPOSITS-GROSS","CDI","RC-O","",""
"TSJ","TIME & SAVINGS DEPOSITS-ADJ","CDI","RC-O","",""
"TSJCS","TIME&SAVINGS-ADJ LESS DEDUCTIONS","CDI","RC-O","",""
"TTACC","TOTAL FIDUCIARY ACCOUNTS","CDI","RC-T","",""
"TTL2","TT&L NOTE OPTION-CAVG2","CDI","RC-BAL","",""
"TTL5","TT&L NOTE OPTION-CAVG5","CDI","RC-BAL","",""
"UNFCRCDA","UNCOLLECT CC FEES REVERSED-ANN","CDI","RI-B","",""
"UNFCRCDQ","UNCOLLECT CC FEES REVERSED-QTR","CDI","RI-B","",""
"UNINC2","UNEARNED INCOME-CAVG2","CDI","RC-C","",""
"UNINC5","UNEARNED INCOME-CAVG5","CDI","RC-C","",""
"UNINCDO2","UNEARNED INCOME-DOM-CAVG2","CDI","RC-C","",""
"UNINCDO5","UNEARNED INCOME-DOM-CAVG5","CDI","RC-C","",""
"UNINCFO2","UNEARNED INCOME-FOR-CAVG2","CDI","RC-C","",""
"UNINCFO5","UNEARNED INCOME-FOR-CAVG5","CDI","RC-C","",""
"VOLIAB","VOLATILE LIABILITIES","CDI","RC-BAL","",""
"VOLIAB2","VOLATILE LIABILITIES -CAVG2","CDI","RC-BAL","",""
"VOLIAB5","VOLATILE LIABILITIES -CAVG5","CDI","RC-BAL","",""